year,date,n_wells,mean_depth_cm,median_depth_cm,min_depth_cm,max_depth_cm,sd_across_wells_cm,spatial_range_cm
2019,2019-04-30,3,212.31313354715098,213.76464884675,208.289308146391,214.885443648312,3.529507527779633,6.5961355019209975
2019,2019-05-01,3,212.18899901026268,213.552224023134,208.537166332471,214.477606675183,3.1962469699819183,5.940440342712009
2019,2019-05-02,3,211.76939369587,213.070698363734,208.163189756812,214.074292967064,3.1631204007303277,5.9111032102520085
2019,2019-05-03,3,211.14355819088567,212.143001775993,207.652498844804,213.63517395186,3.114043347322898,5.9826751070559965
2019,2019-05-04,3,210.10630772554268,211.202188078417,205.910144664207,213.206590434004,3.769647931672019,7.296445769797003
2019,2019-05-05,3,209.454390343024,210.581596844337,205.148671297809,212.632902886926,3.8673474749931525,7.484231589117002
2019,2019-05-06,3,209.152401370808,210.034883792382,205.234891776848,212.187428543194,3.559286907533377,6.952536766345986
2019,2019-05-07,3,209.03119927575503,209.777350329556,205.531007489756,211.785240007953,3.1931821345226203,6.254232518197
2019,2019-05-08,3,208.13889526793102,208.653477027573,204.430399221511,211.332809554709,3.4798581713163004,6.902410333197992
2019,2019-05-09,3,206.195359078282,207.188062032689,201.433665624299,209.964349577858,4.351118999251056,8.530683953558992
2019,2019-05-10,3,202.09410749767667,200.240960297498,199.64317200704,206.398190188492,3.7394095211790406,6.755018181452016
2019,2019-05-11,3,198.63164571207503,199.201745335321,191.453806670697,205.239385130207,6.9104488675588716,13.78557845951002
2019,2019-05-12,3,196.74372284079868,198.770229041477,187.158463620472,204.302475860447,8.749819109967031,17.144012239975012
2019,2019-05-13,3,196.06527366471335,198.79317911675,185.459952520432,203.942689356958,9.538552896456933,18.482736836525987
2019,2019-05-14,3,195.859821886319,198.828155680353,185.388785097182,203.362524881422,9.347303600102874,17.973739784239996
2019,2019-05-15,3,192.20401113116066,197.508085298463,178.114299202889,200.98964889213,12.32559564201453,22.875349689241006
2019,2019-05-16,7,159.528115568524,176.448638579534,89.1771964925368,199.257542636568,43.95854502344105,110.0803461440312
2019,2019-05-17,7,157.96721952133703,177.714546955711,80.9521732860162,197.577898862333,45.625750568220205,116.6257255763168
2019,2019-05-18,7,155.77154068634587,173.055577504113,76.9234250682231,195.299772018147,46.588230938200084,118.3763469499239
2019,2019-05-19,7,152.58366196861957,164.153693921676,74.4573492683941,190.746807313512,45.807028138462655,116.2894580451179
2019,2019-05-20,7,148.00665720369622,161.529492415148,69.6107520047164,184.938264124139,45.963189326136124,115.32751211942261
2019,2019-05-21,7,144.61383107277666,160.280607571529,61.9366631762588,183.852059980319,49.23735684284391,121.91539680406021
2019,2019-05-22,7,141.25339751102075,158.850205175307,54.4891881008709,183.838251527067,52.85939793122467,129.3490634261961
2019,2019-05-23,7,138.2157471117337,157.530956305638,51.5727982637969,182.794830488746,55.05719351356474,131.2220322249491
2019,2019-05-24,7,138.1454473629509,157.110310434666,59.7525968179724,181.282590809266,53.08440397421848,121.5299939912936
2019,2019-05-25,7,139.78803856197626,157.905725738007,64.2650312640455,180.700227990368,49.771337926013224,116.4351967263225
2019,2019-05-26,7,141.12781674249612,158.095162287228,62.7429205689737,179.293345389283,46.85735604421259,116.55042482030929
2019,2019-05-27,7,139.58932853806664,157.857568626325,62.6455997223871,177.473081714632,47.22201884944807,114.82748199224491
2019,2019-05-28,7,138.57609660154188,157.961956280681,62.8318878800911,175.861452764374,47.24049271442454,113.0295648842829
2019,2019-05-29,7,141.0311290173731,159.758930680923,62.4382150481381,176.889798095526,45.330664424540366,114.45158304738791
2019,2019-05-30,7,140.0305048329706,159.743131414147,60.5422033159442,175.76175395706,45.4196443120968,115.2195506411158
2019,2019-05-31,7,137.09624751039857,158.599382145023,58.5594344321905,174.445595733611,46.730255245572124,115.88616130142049
2019,2019-06-01,7,134.9297073473733,157.211058571912,62.2343680462592,172.571175944267,45.013534895111796,110.3368078980078
2019,2019-06-02,7,137.76341426299797,152.346786315508,78.2300868805635,171.375720640911,38.373684538551494,93.1456337603475
2019,2019-06-03,7,138.79235014643305,152.716523268475,87.1931877407434,169.392145916055,33.93986201305306,82.1989581753116
2019,2019-06-04,7,130.16574963845466,146.313117312899,66.2553535831336,167.372686606464,42.44657694837275,101.11733302333039
2019,2019-06-05,7,126.61155270442238,143.7328083694,51.271819577542,165.088497594726,44.878413158159695,113.81667801718399
2019,2019-06-06,7,127.48126393606766,145.564160096897,50.5753415248861,163.746659907895,42.71460820533576,113.17131838300891
2019,2019-06-07,7,117.06296742890952,118.995902617507,48.5030351932878,158.8091144842,40.24301865428546,110.3060792909122
2019,2019-06-08,7,102.67029661971218,84.7660919742026,43.9626508750223,152.96242747873,44.88478120902709,108.99977660370772
2019,2019-06-09,7,93.3145277475836,84.6851150839527,30.9564397301784,150.729742873455,51.58860317052673,119.77330314327659
2019,2019-06-10,7,91.99428677533062,80.2694249509429,14.4739287101601,148.433223656001,51.05936674365878,133.9592949458409
2019,2019-06-11,7,95.89525763005533,83.2840938406292,13.0744915397869,148.375798632259,48.61377458872147,135.30130709247211
2019,2019-06-12,7,94.54222216845928,80.7592198127722,13.9541746288813,148.084039466822,48.142238206110456,134.1298648379407
2019,2019-06-13,7,92.88042123085766,79.4517629228096,15.1237529316234,147.032793171745,47.41770376326995,131.9090402401216
2019,2019-06-14,7,89.99833409877996,70.7627912653919,14.4069950590165,144.854196690582,47.221240459645166,130.4472016315655
2019,2019-06-15,7,88.78745185951371,72.2436675704429,14.5142029714165,141.6961241021,45.420000092979166,127.18192113068349
2019,2019-06-16,7,87.18971375517552,75.2587471645001,14.4555939224389,138.261741262633,43.95404176985809,123.80614734019409
2019,2019-06-17,7,87.73882381193687,76.3393568967999,13.8358427155936,135.848739136343,42.48377979578654,122.0128964207494
2019,2019-06-18,7,89.24508505620246,83.2836311532034,12.4278297330818,133.745916491254,41.02950524532315,121.3180867581722
2019,2019-06-19,7,86.11752612578873,78.7292228321547,9.83533886763297,131.656470684588,40.90470535348929,121.82113181695502
2019,2019-06-20,7,82.96369306632843,74.5447369856805,8.79233924066369,129.7105881447,40.95784748588031,120.91824890403632
2019,2019-06-21,7,79.19980634283658,75.2445629114831,7.56201872733868,127.246786036658,41.40491187244321,119.68476730931931
2019,2019-06-22,7,71.41070686560002,72.6330994532162,4.67350277177445,122.755727538338,43.86943165372537,118.08222476656354
2019,2019-06-23,7,70.01869189115828,73.2085352402777,5.63946232389014,119.750584622776,43.67095771382225,114.11112229888586
2019,2019-06-24,7,69.30590360094288,78.0625218104987,0.53099206550371,118.386973076002,44.371637533457765,117.85598101049828
2019,2019-06-25,7,68.41257310106928,79.8670726660248,-3.5307111243867,116.322252367166,43.525739195747825,119.8529634915527
2019,2019-06-26,7,63.03745400221438,75.597496335746,-1.19018949359457,99.1462407797655,35.89481585852931,100.33643027336008
2019,2019-06-27,7,53.74097768216655,68.1567805054314,-1.19519600163045,78.0525651831482,29.84131587253974,79.24776118477865
2019,2019-06-28,7,50.467659205383036,59.2657259986936,0.636385251402771,73.3292488460833,26.962472103372267,72.69286359468053
2019,2019-06-29,7,50.6181752772952,59.1433600728834,2.33760800356748,72.8368589318848,26.351573364977355,70.49925092831732
2019,2019-06-30,7,49.34395870551113,58.8182113415826,2.73150059577318,70.6410741893677,26.351016674121848,67.90957359359452
2019,2019-07-01,7,46.99991523245637,57.6723148833594,2.87273719486336,68.4412960278451,24.905189671586978,65.56855883298174
2019,2019-07-02,7,47.33629238087136,54.4830299318761,3.25582599039507,68.7503079926501,22.685344971144353,65.49448200225503
2019,2019-07-03,7,47.024987807830804,54.6068250255587,2.4747658023216,67.964206353804,22.509539358984224,65.4894405514824
2019,2019-07-04,7,46.69631278985905,53.5931653749969,3.78834578263252,66.912232291871,21.402635975016647,63.12388650923849
2019,2019-07-05,7,43.10434669826618,51.3639310538167,2.11375588412324,62.3211522754318,21.754328505661565,60.20739639130856
2019,2019-07-06,7,41.69270359776993,47.521092070366,1.03817645035917,61.1616577411993,21.68499253516832,60.12348129084013
2019,2019-07-07,7,41.67550923589341,47.89650185011,2.76909752512324,60.2694440972243,20.822427378137483,57.50034657210106
2019,2019-07-08,7,42.1716403567696,48.9505905583016,1.8600412710839,60.5511961552025,20.84206358624512,58.691154884118596
2019,2019-07-09,7,39.82908650947203,44.1604252333988,3.33140480179139,58.2625373561598,19.786635401176852,54.9311325543684
2019,2019-07-10,7,40.62852459161194,46.5215232212003,6.33579364371997,57.0551038179275,18.583157604793563,50.719310174207536
2019,2019-07-11,7,37.8633395487059,45.3863327458947,7.65710502431887,57.182177817964,21.036908538751593,49.52507279364514
2019,2019-07-12,7,34.433939553833326,41.0026768667308,3.0982186407627,54.9465608392239,21.515665323913154,51.8483421984612
2019,2019-07-13,7,35.76022667321947,41.5182866525271,1.18972787126381,53.12089021443,19.684697798648326,51.931162343166186
2019,2019-07-14,7,36.935786265729575,38.4666575835496,1.22859004955416,54.8002119475868,19.41896882776555,53.571621898032646
2019,2019-07-15,7,31.346340855476523,34.6944326509728,-0.81016652083008,50.517114314016,20.21864210841948,51.32728083484608
2019,2019-07-16,7,29.07961321020877,30.1480731784167,-0.546032709991096,46.1350850943262,18.743618570846387,46.681117804317296
2019,2019-07-17,7,29.801965591674264,29.5476806195495,-0.903527458075359,46.3769902583181,16.816700756900065,47.28051771639346
2019,2019-07-18,7,28.57857578210274,28.9890497673113,-0.0008508751605518,45.6833321239003,16.540015753534984,45.68418299906085
2019,2019-07-19,7,27.17729681809605,27.7978104371627,-1.66068059727564,44.9969812271462,17.137498714140044,46.657661824421844
2019,2019-07-20,7,27.545489186166055,26.4835418781132,-0.812759998137835,44.2832770440532,15.849785972114375,45.096037042191035
2019,2019-07-21,7,26.889420605612376,25.3278750399531,-0.234787835475458,43.4034888163126,15.294188326106923,43.63827665178806
2019,2019-07-22,7,24.642325631328827,24.2553337877197,-2.3908644030314,41.2323236599647,16.12173360000192,43.6231880629961
2019,2019-07-23,7,22.36616769408724,21.8235245136583,-2.73826723388453,38.3386289637414,15.134967031912598,41.07689619762593
2019,2019-07-24,7,20.950326599765187,19.8273638424865,-2.74048708061088,35.9314254111993,14.516578095258971,38.67191249181018
2019,2019-07-25,7,20.185266563784207,18.8785772287332,-3.91280109503924,35.1737117220395,14.425072182711627,39.08651281707874
2019,2019-07-26,7,18.23572654583928,14.5077587871455,-4.70194493605192,32.7537425525222,13.955829025097255,37.455687488574114
2019,2019-07-27,7,18.141788976658034,14.1456107272603,-2.83082642220336,32.3778450856352,12.85519463616327,35.20867150783856
2019,2019-07-28,7,19.206110470700803,14.4349751705647,-2.60766672229238,34.9728611892004,13.28233923085256,37.58052791149278
2019,2019-07-29,7,20.339052616272106,16.3688263740852,-3.62324023827938,36.453629902978,14.306996314482612,40.07687014125738
2019,2019-07-30,7,18.846636108708246,15.6524677384454,-4.20586296925904,33.7841486467539,14.117913929911264,37.990011616012936
2019,2019-07-31,7,19.442760688323993,16.4553669287102,-2.80885227465006,33.2118944109197,13.12023509206887,36.020746685569755
2019,2019-08-01,7,17.913510470754687,15.8947604583361,-5.56632650901889,32.7162743742107,14.523198856030744,38.28260088322959
2019,2019-08-02,7,13.635076355373814,14.242194959354,-12.284807219676,31.1435858330015,16.744275287732265,43.4283930526775
2019,2019-08-03,7,14.662116499712452,15.0365944089003,-8.02699456789071,31.2965785203616,15.535385041880247,39.32357308825231
2019,2019-08-04,7,17.083423769393246,16.847560400133,-0.976632028405788,31.9749448006377,13.961736298238508,32.95157682904349
2019,2019-08-05,7,18.779254836243403,17.5855108708078,-1.95676194425687,33.1558590787949,13.810101054443502,35.112621023051766
2019,2019-08-06,7,18.38025255549465,16.9192001699003,-5.92656369130395,32.3639778549051,14.048432562649129,38.29054154620905
2019,2019-08-07,7,16.74912108043694,14.7899042509749,-8.38564155523613,30.4597686135793,13.845740577145788,38.845410168815434
2019,2019-08-08,7,16.781494763692717,14.6412049529076,-6.93604518924218,30.3816602070697,13.080645072707815,37.31770539631188
2019,2019-08-09,7,17.541897950247325,15.347058663454,-5.46465830661873,30.9049383272253,12.546907075006017,36.369596633844026
2019,2019-08-10,7,16.987866191124514,14.4450330523881,-6.680839945912,30.0946255784467,12.82395941391975,36.7754655243587
2019,2019-08-11,7,16.80633679566017,14.2225297900652,-5.94869281062671,29.5471861170455,12.271656686114651,35.49587892767221
2019,2019-08-12,7,15.006316866962814,13.3058775161359,-7.14830308522494,27.2677665800217,12.054018260871471,34.41606966524664
2019,2019-08-13,7,11.111459940498921,10.1613673345867,-8.76607106353191,23.6886131343056,12.241231743623047,32.45468419783751
2019,2019-08-14,7,12.061594008584118,10.6892038428953,-10.3765129107103,24.49308013435,12.448775556612729,34.8695930450603
2019,2019-08-15,7,12.842552756061862,11.514419363715,-8.34684341777603,24.5496084367502,11.59085325548903,32.896451854526234
2019,2019-08-16,7,13.417584287095554,12.2405094472384,-8.24357737858747,25.3072461557394,11.757528503124302,33.55082353432687
2019,2019-08-17,7,12.582407239736227,11.7349273378267,-10.5279525254986,24.9915320119129,12.908178747057727,35.5194845374115
2019,2019-08-18,7,12.978432949444741,12.4647264635627,-10.2463355640367,26.6426976617396,13.44471836275,36.8890332257763
2019,2019-08-19,7,14.367720134682259,14.1099486523828,-7.99929941400137,28.0453513188206,13.314814462398045,36.04465073282197
2019,2019-08-20,7,14.912557286378094,13.992961999412,-7.93971453825577,27.5550035269461,13.116383770320072,35.494718065201866
2019,2019-08-21,7,14.837147944681451,14.7277068597674,-7.37173628554899,26.7814843465089,12.384675046291298,34.15322063205789
2019,2019-08-22,7,14.81282229362893,13.8385355408886,-9.05549782371509,27.1011784257041,12.775614809717583,36.15667624941919
2019,2019-08-23,7,15.608353773291316,15.2609774393795,-8.57346769201115,27.6850054344706,12.757596942000662,36.258473126481746
2019,2019-08-24,7,16.704384354265553,15.5348768127098,-8.89188089535793,29.2600640065956,13.451225709795882,38.15194490195353
2019,2019-08-25,7,18.519622168091736,17.6700020496554,-8.28663193241965,31.6123865565942,14.101553256562623,39.89901848901385
2019,2019-08-26,7,19.34587039495433,19.1730893773112,-6.34265510474279,32.8855449697116,14.349340063531526,39.22820007445439
2019,2019-08-27,7,20.110954750095647,21.0970878733391,-3.92566587469929,33.9961861039214,13.935626713355777,37.921851978620694
2019,2019-08-28,7,19.448795383376147,20.8657206858902,-4.59462167936806,33.2158811832116,13.767201813633095,37.81050286257966
2019,2019-08-29,7,18.81302569803642,19.5051316570968,-4.33757092750398,32.4878686818863,13.406205206969947,36.82543960939028
2019,2019-08-30,7,21.236743617930223,23.4853141765313,-0.43683210124783,34.4087367024457,12.906851233964158,34.84556880369353
2019,2019-08-31,7,24.32430044105507,28.3328454798522,6.23983038374547,36.8311456929746,12.18099537340699,30.59131530922913
2019,2019-09-01,7,27.450346782008832,31.3709058025026,7.75413383162515,39.8396340816987,12.302427883898275,32.08550025007355
2019,2019-09-02,7,30.73138614408727,35.9128867761882,9.20284954755459,43.4700797829748,13.082226804605815,34.26723023542021
2019,2019-09-03,7,33.62739923365477,39.9191469514832,10.8296653296392,47.0593690750306,14.007099099052878,36.229703745391404
2019,2019-09-04,7,38.25033624545467,42.633792969005,11.7381430931715,54.7320242433258,15.380330755409949,42.9938811501543
2019,2019-09-05,7,43.65653620298409,46.2082363690797,13.3843469756528,64.0651578906187,17.108825003226542,50.6808109149659
2019,2019-09-06,7,47.65582484558937,50.3236048930432,14.0256236903184,67.6255893912909,18.36303514218162,53.599965700972504
2019,2019-09-07,7,49.493932757571955,52.480295134562,13.734593078479,71.4034515629777,19.54978497607151,57.66885848449869
2019,2019-09-08,7,47.90569968216056,51.3188660545751,12.2760260407787,67.3571079504455,19.114152697580327,55.08108190966679
2019,2019-09-09,7,49.979875210355644,53.5161433273515,14.1928683025569,70.8003169841533,19.119512928901393,56.607448681596395
2019,2019-09-10,7,55.52017695883954,59.6956895845409,16.7583848811233,76.9401274287191,20.495799416411252,60.181742547595796
2019,2019-09-11,7,60.15132868063741,64.6914254001601,19.2544613701557,82.0370691255619,21.541920297352622,62.782607755406204
2019,2019-09-12,7,65.14912668715696,69.7110498194874,21.2701101638956,85.852203779119,22.265793954847684,64.5820936152234
2019,2019-09-13,7,69.36410956534495,75.1740220555178,21.8355848087569,88.7819375950556,23.358874185762094,66.94635278629869
2019,2019-09-14,7,73.28985644251316,80.6224097733249,23.3552464585998,92.8132567790641,24.21583979889763,69.4580103204643
2019,2019-09-15,7,76.47828561639514,84.6530373377021,22.9357860013806,96.6238929921076,25.606479247179337,73.688106990727
2019,2019-09-16,7,79.60122343343811,87.8290256110446,25.0040335577097,100.472832337763,26.066697760163702,75.46879878005329
2019,2019-09-17,7,83.50404700435755,91.6502199280785,33.1412352553741,100.677129284875,23.951834901407636,67.5358940295009
2019,2019-09-18,7,89.65652144977221,99.1496196265402,44.1269691309827,105.360933268769,21.907419979686804,61.2339641377863
2019,2019-09-19,7,95.42846438434722,104.49679388706,54.2165723886953,109.576171133499,20.01185808701105,55.359598744803705
2019,2019-09-20,7,99.9116134385141,107.582824870067,61.772307274947,113.392911587047,18.7941455670878,51.62060431209999
2019,2019-09-21,7,103.17273976963085,110.0672495879,67.2965165452226,116.277635809485,17.855461543058386,48.981119264262404
2019,2019-09-22,7,105.31224032353914,111.711598537821,70.5743937609469,118.724146524823,17.585348025772728,48.149752763876094
2019,2019-09-23,7,108.2517197368859,113.995464879012,76.8954731701598,120.98660691575,16.23646702569616,44.0911337455902
2019,2019-09-24,7,111.83752503448059,116.770951912837,83.9888911827913,123.450482091462,14.936887300472524,39.4615909086707
2019,2019-09-25,7,114.61108636003262,118.915195268184,88.1202824877903,126.694673528203,14.46773582670716,38.57439104041269
2019,2019-09-26,7,118.11062833380207,122.487779702931,92.5449458342015,130.925749517131,14.293974545587309,38.38080368292951
2019,2019-09-27,7,120.4944406270753,124.654519477927,95.8229260106222,133.165991870425,13.937112178866466,37.34306585980279
2019,2019-09-28,7,122.84720780372014,126.628538049096,98.692363101668,135.781496868189,13.859074503673288,37.089133766521016
2019,2019-09-29,7,124.99223173692384,128.748984641439,101.067998575343,138.274195566882,13.742712197491302,37.20619699153902
2019,2019-09-30,7,127.08873770035257,130.705951293317,103.754175535698,140.206631462188,13.523771811428531,36.45245592649
2019,2019-10-01,7,129.192557296858,132.832772924307,106.08332301712,143.051346555086,13.475597179706417,36.96802353796602
2019,2019-10-02,7,130.76583975938428,133.364363587003,107.978973420319,144.522760491928,13.339490814291297,36.54378707160902
2019,2019-10-03,7,133.5645000866887,136.500557947366,110.812822907758,147.862142580414,13.461807944848376,37.049319672656
2019,2019-10-04,4,137.3346301745225,139.82179388511798,123.713063061811,145.981869866043,9.615961475204115,22.268806804232014
2019,2019-10-05,4,139.36246502875548,141.160650716435,127.541704659492,147.58685402266,8.55580701176558,20.045149363167994
2019,2019-10-06,4,141.5894656450115,143.418710780125,129.682335717661,149.838105302135,8.588886501904955,20.155769584474
2019,2019-10-07,4,142.436766950433,143.8272575911295,131.468925784566,150.623626834907,8.12854358902423,19.154701050340975
2019,2019-10-08,4,143.77698715472974,145.0452260408025,133.347251941208,151.670244596106,7.73871692720471,18.322992654898
2020,2020-04-27,3,105.96053497992034,105.934081701519,105.899439951186,106.048083287056,0.07777237477584298,0.14864333587000544
2020,2020-04-28,3,105.96147585332635,105.931546594736,105.911912535529,106.040968429714,0.0695390275010934,0.12905589418500085
2020,2020-04-29,3,105.98687347794434,105.971382885343,105.932105892752,106.057131655738,0.06393613373447683,0.12502576298599877
2020,2020-04-30,3,105.98962874928968,105.983289976914,105.937741110496,106.047855160459,0.055330019214127925,0.11011404996298779
2020,2020-05-01,3,105.98869239500999,105.987684556322,105.944047544934,106.034345083774,0.04515720523079894,0.09029753884000513
2020,2020-05-02,3,105.985896888537,105.988325226267,105.949613535337,106.019751904007,0.03513218336540355,0.07013836867000123
2020,2020-05-03,3,105.97834535568666,105.982098960563,105.952442507304,106.000494599193,0.024244959185421962,0.048052091889005055
2020,2020-05-04,3,105.97359075105267,105.981197410465,105.954359978809,105.985214863884,0.016775039010672153,0.030854885075001448
2020,2020-05-05,3,105.97410068943968,105.977358895754,105.959344420161,105.985598752404,0.013427003450941536,0.026254332242999112
2020,2020-05-06,3,105.96939707493932,105.964214961344,105.96336002547,105.980616238004,0.009725479100842767,0.017256212534007886
2020,2020-05-07,3,105.97377602446534,105.974515665805,105.957569275715,105.989243131876,0.015849876750640236,0.031673856160992386
2020,2020-05-08,9,106.4046112829651,106.252005609358,106.008307817224,107.54268133341,0.5080635033582325,1.5343735161860081
2020,2020-05-09,9,106.53039322197522,106.322594364118,106.032218498716,107.810421374644,0.5982339315240016,1.7782028759279882
2020,2020-05-10,9,106.58219689649589,106.363127446542,106.042502283853,107.872327298201,0.6269035907241558,1.8298250143480033
2020,2020-05-11,9,106.61363418724744,106.4061881366,106.075132718605,107.857263254693,0.626669366251778,1.7821305360879904
2020,2020-05-12,9,106.67053099549422,106.425212619202,106.112567239299,107.939041885481,0.6510893754190327,1.8264746461820067
2020,2020-05-13,9,106.69200368235767,106.457619524954,106.110852158687,107.961604774634,0.6625495588782067,1.8507526159470018
2020,2020-05-14,9,106.70373273096477,106.497562586779,106.113766660817,107.960069049741,0.6582544555784638,1.8463023889239878
2020,2020-05-15,9,106.80614024925978,106.663860406988,106.352718076162,107.84171793485,0.5326352816594893,1.4889998586879898
2020,2020-05-16,9,106.79371676333355,106.667794401684,106.430924490077,107.633138147372,0.4374319258952757,1.2022136572949904
2020,2020-05-17,9,106.80458644859623,106.662305052957,106.462822739965,107.602211128774,0.41548143545791544,1.139388388808996
2020,2020-05-18,9,106.79190656229933,106.624046002883,106.465826516607,107.563577779053,0.4027977396346108,1.0977512624460104
2020,2020-05-19,9,106.74344029899066,106.57404379813,106.451959326946,107.398625663647,0.3659713583437783,0.946666336701
2020,2020-05-20,9,106.79966705734655,106.591630702238,106.441116406245,107.708434812979,0.45904068285701094,1.2673184067339918
2020,2020-05-21,9,106.83320472928455,106.658983429997,106.412418394743,107.898046865324,0.5048881840744215,1.4856284705810054
2020,2020-05-22,9,106.86235492203723,106.694238218631,106.402368375631,107.873272958452,0.5023862341689607,1.4709045828210066
2020,2020-05-23,9,106.86333100430956,106.704147467971,106.405922395729,107.85873052585,0.48714329308322624,1.4528081301210136
2020,2020-05-24,9,106.86782892231878,106.715224860644,106.416804056994,107.81238649104,0.4769340141050282,1.3955824340460055
2020,2020-05-25,9,106.87179861150811,106.722103107993,106.43789159561,107.733132420976,0.4512733943169925,1.2952408253660082
2020,2020-05-26,9,106.86121681778701,106.727826024733,106.456499610127,107.663577779053,0.4168467626749724,1.207078168926003
2020,2020-05-27,9,106.88316914289555,106.717658803758,106.493934514814,107.498625663647,0.38845423045769323,1.004691148833004
2020,2020-05-28,9,107.007785861909,106.754757737526,106.578448079367,107.732652713002,0.4686069685033335,1.1542046336349898
2020,2020-05-29,9,107.05257196796988,106.805902180081,106.60856182809,107.832256996401,0.4849676018370364,1.2236951683109965
2020,2020-05-30,9,107.05365934265389,106.800646633829,106.632683922509,107.829234314586,0.4660143919698839,1.1965503920770004
2020,2020-05-31,9,107.04968252829566,106.793490654346,106.64127577201,107.825233409171,0.44070991314101193,1.1839576371610008
2020,2020-06-01,9,107.09126088304723,106.834528732288,106.666369133265,107.847593985988,0.45544062760275356,1.1812248527230054
2020,2020-06-02,9,107.12797313068111,106.889129599389,106.701741436868,107.86238865478,0.45375717229296614,1.1606472179120004
2020,2020-06-03,9,107.1368652293359,106.911617087643,106.727014293647,107.858189553354,0.4339363890267149,1.1311752597069926
2020,2020-06-04,9,107.14626406738633,106.922448870426,106.750589501572,107.875345408718,0.42212398116615135,1.1247559071460103
2020,2020-06-05,9,107.13803115439755,106.915865562407,106.752111781735,107.862229070605,0.4079628541133298,1.1101172888700006
2020,2020-06-06,9,107.13293742403499,106.935777692531,106.761960230222,107.863389865693,0.3918330586207209,1.1014296354709927
2020,2020-06-07,9,107.15899614314444,106.967249556538,106.783653602212,107.884328953315,0.39048341788212626,1.100675351103007
2020,2020-06-08,9,107.19770194316622,106.982563356109,106.807642058181,107.904179011639,0.39479232515418855,1.0965369534579992
2020,2020-06-09,9,107.17070266137489,107.021505607284,106.824970413545,107.899662175893,0.3450896526382936,1.074691762347996
2020,2020-06-10,9,107.16906389484744,107.044384768992,106.845293242513,107.882771766202,0.31931126531442794,1.0374785236890034
2020,2020-06-11,9,107.17543303439389,107.050145849266,106.859155101437,107.893817790724,0.31428943227406386,1.0346626892870034
2020,2020-06-12,9,107.18618162699144,107.045484608487,106.864725370557,107.885557854203,0.31921410873583345,1.0208324836460037
2020,2020-06-13,9,107.26222200309277,107.063855995809,106.891786232115,107.894244704078,0.35134170782267377,1.0024584719630099
2020,2020-06-14,9,107.2713568076541,107.059146227009,106.910345513219,107.893054885902,0.34898999321578517,0.9827093726830043
2020,2020-06-15,9,107.27618259369956,107.053602255959,106.907131883054,107.920005862147,0.37133548560667123,1.012873979092987
2020,2020-06-16,9,107.30601749338656,107.088128930653,106.914272694564,107.926556475783,0.38900435995657195,1.012283781218997
2020,2020-06-17,9,107.31216861886745,107.130642126914,106.922346344137,107.899100377953,0.3612420863310184,0.9767540338160074
2020,2020-06-18,9,107.30819681350923,107.154462523531,106.928873386951,107.867462472689,0.35077622552325594,0.9385890857380019
2020,2020-06-19,9,107.32073272389111,107.169742789645,106.933301522405,107.925148813222,0.36035266242823305,0.9918472908169917
2020,2020-06-20,9,107.32574561169878,107.170063921932,106.948433620585,107.882928439508,0.3525342978271227,0.9344948189229996
2020,2020-06-21,9,107.33723515123222,107.171069142266,106.964881831031,107.890544174779,0.35098548555494474,0.9256623437480016
2020,2020-06-22,9,107.35627797478689,107.211491486759,106.982190203835,107.912459944952,0.34977005443449616,0.9302697411170016
2020,2020-06-23,9,107.39023057434677,107.260961076461,107.014985278391,107.939658430773,0.34220210921304806,0.9246731523819989
2020,2020-06-24,9,107.40803032427701,107.268309511413,107.046162026172,107.946806928578,0.3296062855691869,0.9006449024060004
2020,2020-06-25,9,107.43784207240344,107.278834478562,107.078408058153,107.965589746325,0.32930752550257075,0.8871816881719923
2020,2020-06-26,9,107.45882696013255,107.292879366681,107.098036797218,107.974220433529,0.32148425659259494,0.8761836363109978
2020,2020-06-27,9,107.47985602232633,107.301040643361,107.126042573256,107.996748085731,0.3197120980446972,0.8707055124749985
2020,2020-06-28,9,107.49106933258878,107.321288349856,107.14768911655,107.984362290413,0.31476552280071934,0.8366731738630051
2020,2020-06-29,9,107.50849493729,107.347721953754,107.168123239692,108.001055445844,0.2999420536308216,0.8329322061520088
2020,2020-06-30,9,107.51180789079955,107.386088120084,107.181399913671,107.996947309109,0.2741071795907979,0.8155473954380028
2020,2020-07-01,9,107.52598024348089,107.432856105415,107.208741964611,107.993928137461,0.26246420348379784,0.785186172850004
2020,2020-07-02,9,107.562882716518,107.461729000487,107.236537185276,107.995379377461,0.2713896957856571,0.7588421921849999
2020,2020-07-03,9,107.62395658241,107.524420928036,107.41311460341,107.998473546823,0.22688847197076092,0.5853589434130129
2020,2020-07-04,9,107.69161114264956,107.60144506871,107.482443100174,108.015728928263,0.19917068375119426,0.5332858280890065
2020,2020-07-05,9,107.69483882661511,107.607821547273,107.510815272812,107.978250190804,0.17816047853838854,0.46743491799200854
2020,2020-07-06,9,107.69460839528777,107.624017977454,107.518576654701,107.931665999622,0.16245472081791806,0.4130893449210049
2020,2020-07-07,9,107.64081711041099,107.598062021181,107.497610863001,107.856599570795,0.1409706618805121,0.3589887077939977
2020,2020-07-08,9,107.65517088059211,107.616824168717,107.509530562321,107.871324785155,0.13989175305751464,0.36179422283399276
2020,2020-07-09,9,107.69191610708789,107.6219771064,107.531902128775,107.912367898248,0.1573489403852094,0.38046576947299116
2020,2020-07-10,9,107.720733001281,107.62489194739,107.542338486882,107.98576738456,0.172924976393666,0.44342889767800386
2020,2020-07-11,9,107.7171780605201,107.629173968993,107.538004706268,107.958221213765,0.1670897353640103,0.42021650749700257
2020,2020-07-12,9,107.70443592365177,107.614283888514,107.524395333831,107.960001476331,0.1724396687744866,0.4356061425000064
2020,2020-07-13,9,107.70370469182379,107.619746594761,107.5348671899,107.946766472369,0.17259985130414268,0.4118992824690082
2020,2020-07-14,9,107.70838200947367,107.619828270397,107.542116624621,107.958223104486,0.17277048958036845,0.41610647986499316
2020,2020-07-15,9,107.72032737199422,107.625756680756,107.536801871485,107.960797940367,0.17581931632446426,0.4239960688820048
2020,2020-07-16,9,107.72305284877567,107.622515917282,107.54590607471,107.966507997439,0.1715875631093414,0.42060192272899144
2020,2020-07-17,9,107.73059235776867,107.624613391824,107.551458007137,107.988996705761,0.17417977273664154,0.43753869862399597
2020,2020-07-18,9,107.72606893381288,107.622370456458,107.542673840223,107.980688785929,0.17258926441260247,0.4380149457060014
2020,2020-07-19,9,107.73431316961978,107.628516611853,107.554595736834,107.979484156358,0.175618477949723,0.42488841952399525
2020,2020-07-20,9,107.71924108072034,107.62137167221,107.538309425551,107.958858979791,0.1701069962500674,0.4205495542399973
2020,2020-07-21,9,107.71983751980744,107.629216379131,107.551786235286,107.952628454855,0.16020904401931538,0.40084221956900024
2020,2020-07-22,9,107.74216696823267,107.649171071496,107.573208615254,107.985686393878,0.16370244020286162,0.4124777786239946
2020,2020-07-23,9,107.75665989708632,107.670368108936,107.577306837879,107.996051274784,0.16511494348279704,0.4187444369050013
2020,2020-07-24,9,107.76404593576666,107.675250246741,107.585638021787,108.002255238031,0.1648933769361584,0.41661721624399206
2020,2020-07-25,9,107.7711016206719,107.687394079554,107.604319208184,107.995748458674,0.16034839917689908,0.3914292504900061
2020,2020-07-26,9,107.771156110617,107.693355083675,107.610250183751,108.000715185973,0.16016917235502356,0.3904650022219869
2020,2020-07-27,9,107.76790838729123,107.689278271047,107.602471138213,108.000483651675,0.1630568403211869,0.3980125134619925
2020,2020-07-28,9,107.778917869874,107.701317438359,107.621124549161,108.019806969329,0.1606693126233569,0.3986824201680008
2020,2020-07-29,9,107.78231366926889,107.705183305171,107.619511226529,108.021496175011,0.1616610388963205,0.40198494848199573
2020,2020-07-30,9,107.78964445622466,107.710892950608,107.622159365947,108.040978858192,0.16673781724745917,0.4188194922450066
2020,2020-07-31,9,107.79299878628055,107.719452871787,107.636866359256,108.048970559213,0.16130879991746855,0.41210419995699965
2020,2020-08-01,9,107.79236014696068,107.724324088343,107.640718570766,108.035649220279,0.15762288632793756,0.3949306495130003
2020,2020-08-02,9,107.784719521835,107.71587516444,107.644611698797,108.016728299502,0.15193756986753437,0.37211660070501296
2020,2020-08-03,9,107.82334636282522,107.75532598424,107.6679997784,108.062794797358,0.15690598167596975,0.39479501895799274
2020,2020-08-04,9,107.80637648014743,107.75038728542,107.674124926111,107.997318701895,0.13705537138804183,0.32319377578399155
2020,2020-08-05,9,107.79166889925622,107.734035882469,107.656027066798,107.996515258926,0.13484958696838867,0.3404881921279923
2020,2020-08-06,9,107.79070405063867,107.731959273034,107.666804324803,107.998745456341,0.13537999031259057,0.3319411315380023
2020,2020-08-07,9,107.79015049600078,107.731454855861,107.659046740172,107.992626122363,0.1353048144146599,0.33357938219100447
2020,2020-08-08,9,107.78702749837944,107.726579644763,107.657694020366,107.984868111306,0.13624219603338292,0.32717409094000516
2020,2020-08-09,9,107.79017090712367,107.729436889704,107.663528101857,107.995187925914,0.13628011521863787,0.3316598240569988
2020,2020-08-10,9,107.7879988442859,107.72786733214,107.657678404676,107.980596475708,0.13788648307602686,0.3229180710319923
2020,2020-08-11,9,107.79143880816211,107.723309984601,107.658394977114,107.990632433148,0.14084557848854878,0.3322374560339938
2020,2020-08-12,9,107.79365591830111,107.724213728495,107.649144728788,107.983683886439,0.14382339735207567,0.33453915765099396
2020,2020-08-13,9,107.79989402907678,107.729625313103,107.65597458784,107.997868813548,0.1432351850270033,0.3418942257079891
2020,2020-08-14,9,107.810529160016,107.740709784863,107.682854224781,107.997461848216,0.1357977977896639,0.31460762343500903
2020,2020-08-15,9,107.80900487539766,107.739718203539,107.675751944471,107.994495279955,0.14011324741862263,0.318743335484001
2020,2020-08-16,9,107.80221179878389,107.735943191312,107.663170604955,107.99259977132,0.1398989375088066,0.32942916636500286
2020,2020-08-17,9,107.804035206789,107.744382383831,107.676976069498,107.990115418712,0.13754184160710395,0.3131393492139978
2020,2020-08-18,9,107.80706943245922,107.745754211562,107.669753958272,108.011927291615,0.14353013931156947,0.3421733333429984
2020,2020-08-19,9,107.80728340437756,107.740142687376,107.661098411434,108.003721878333,0.13632838877970407,0.34262346689899914
2020,2020-08-20,9,107.79567351128999,107.725254901633,107.655608771104,107.978577706504,0.13108833591798835,0.3229689353999987
2020,2020-08-21,9,107.791324466646,107.712581537026,107.637776762512,107.985485501031,0.13441259840834466,0.347708738518989
2020,2020-08-22,9,107.78903918600321,107.701500660693,107.639551788601,107.980350083973,0.13916933624407668,0.3407982953719966
2020,2020-08-23,9,107.77639934795344,107.68568539294,107.616298532987,107.985024042497,0.14505597089384414,0.36872550950999994
2020,2020-08-24,9,107.75818565300334,107.679109209762,107.59741139868,107.963132072969,0.14558026618612,0.36572067428900823
2020,2020-08-25,9,107.71898976880267,107.657889069464,107.559471501353,107.922904164517,0.13565592633778364,0.363432663164005
2020,2020-08-26,9,107.70126791641512,107.65649971677,107.538500611088,107.918418147763,0.1431901198790718,0.37991753667500916
2020,2020-08-27,9,107.68363511835,107.661650960279,107.541949758601,107.912091006426,0.13283667626184728,0.37014124782498925
2020,2020-08-28,9,107.67360965730545,107.658671039193,107.543716379523,107.870705789908,0.12294071208147654,0.3269894103849964
2020,2020-08-29,9,107.70634964470256,107.680815886734,107.590559566731,107.846607575453,0.10760232296537701,0.2560480087220043
2020,2020-08-30,9,107.67778026972866,107.647311474713,107.572685276312,107.824109619516,0.10060634303266841,0.2514243432039933
2020,2020-08-31,9,107.69498637776533,107.655661795871,107.573298725464,107.838303262004,0.1075341619309684,0.26500453654000466
2020,2020-09-01,9,107.64761620400589,107.598491950319,107.545740701994,107.799372661695,0.10087369033820989,0.2536319597009964
2020,2020-09-02,9,107.59466547445388,107.545947817676,107.489402961978,107.763507397163,0.10950810683879389,0.27410443518499505
2020,2020-09-03,9,107.53438548724611,107.472177738711,107.385628069868,107.738746053873,0.13162824318683813,0.35311798400499583
2020,2020-09-04,9,107.48877344020268,107.418678170228,107.297155629843,107.728045294171,0.15304251191104942,0.43088966432799225
2020,2020-09-05,9,107.45881945484822,107.381242899676,107.257048024076,107.732717818617,0.17217746066365097,0.47566979454100533
2020,2020-09-06,9,107.41043011570244,107.316418140481,107.192751007283,107.71096203855,0.1928374046403593,0.5182110312670005
2020,2020-09-07,9,107.43260739599545,107.361508239728,107.242324265179,107.734101727043,0.18363471757209682,0.49177746186400384
2020,2020-09-08,9,107.45020160550422,107.380049717424,107.262028069168,107.727941512463,0.1723883659192267,0.4659134432950083
2020,2020-09-09,9,107.39013020516633,107.315771675393,107.205908611264,107.647752647387,0.15883208661915224,0.44184403612300116
2020,2020-09-10,9,107.30545448953912,107.25635689929,107.147937291266,107.50379153819,0.1285959182022109,0.3558542469239967
2020,2020-09-11,9,107.21301014116155,107.178626199474,107.084807907624,107.363241073491,0.09530427749514978,0.27843316586699984
2020,2020-09-12,9,107.13868318930122,107.11208061948,107.026568169707,107.285097736803,0.08457867110151358,0.25852956709599084
2020,2020-09-13,9,107.08025685840333,107.051347489406,106.97866958072,107.225163005917,0.07837463509559386,0.24649342519700213
2020,2020-09-14,9,107.03783666809244,107.010342436941,106.947654257277,107.181868093047,0.07611774737405776,0.23421383577000654
2020,2020-09-15,9,107.00185475826845,106.980847257269,106.915597343741,107.150483176645,0.07882511078053543,0.23488583290399845
2020,2020-09-16,9,106.97052134476957,106.950867308555,106.874173798327,107.118628839623,0.07939876402151559,0.24445504129599271
2020,2020-09-17,9,106.93574555645745,106.913309184981,106.854327492078,107.086803354462,0.07748502488359564,0.23247586238400686
2020,2020-09-18,9,106.90230926860379,106.873345263844,106.828415407012,107.053609161031,0.07469979102892163,0.22519375401900277
2020,2020-09-19,9,106.87569634508321,106.847315828689,106.805828249833,107.02694610409,0.07344755507770862,0.22111785425700248
2020,2020-09-20,9,106.8506252596159,106.825408850344,106.765621822536,107.001657491546,0.07588387830953312,0.2360356690099934
2020,2020-09-21,9,106.83337978342844,106.809017666476,106.762693850314,106.988660242267,0.07433126859083362,0.22596639195300838
2020,2020-09-22,9,106.83597421976478,106.819656388565,106.753261513966,106.9962645909,0.0761012570581174,0.24300307693400214
2020,2020-09-23,9,106.85420077757233,106.837994968432,106.735977836581,107.113730401642,0.10820849789390195,0.37775256506100163
2020,2020-09-24,9,106.824812289259,106.817814462472,106.7289806044,106.996941411018,0.07855186868065246,0.2679608066180066
2020,2020-09-25,9,106.81747748386489,106.816771325852,106.705489328794,106.96869154458,0.07465122029738067,0.263202215785995
2020,2020-09-26,9,106.792754334783,106.783935199184,106.715629334362,106.943242705757,0.06969963815090263,0.2276133713949946
2020,2020-09-27,9,106.76689083497666,106.752994074889,106.693557883212,106.921015429671,0.06996700772804386,0.22745754645900718
2020,2020-09-28,9,106.74027487300879,106.723531363905,106.669918644212,106.897015818922,0.07236273241398992,0.22709717470999635
2020,2020-09-29,9,106.71552332913689,106.691837571888,106.642503309402,106.871350462727,0.07110504261269997,0.22884715332499184
2020,2020-09-30,9,106.69784929386022,106.677744070397,106.622467080442,106.85505759475,0.07307199517988673,0.2325905143080007
