file,columns,station_like,year_like,coordinate_like,flood_like,contains_groundwater_depth_column
data\processed\post2021\mod09a1_ricefloodit_native_pixels_2010.csv,rice_cell_id|rice_x|rice_y|native_position|modis_row|modis_col|source_file|year|composite_start_doy|red_raw|nir_raw|swir2_raw|red|nir|swir2|valid_b01|valid_b02|valid_b07|valid_reflectance|pixel_doy|state_valid|qc_valid|cloud_state|cloud_shadow|land_water|aerosol|cirrus|internal_cloud|snow_ice|adjacent_cloud|modland|band1_quality|band2_quality|band7_quality|ndvi|ndfi,,year,,rice_cell_id|rice_x|rice_y|land_water,False
data\processed\post2021\mod09a1_ricefloodit_native_pixels_2011.csv,rice_cell_id|rice_x|rice_y|native_position|modis_row|modis_col|source_file|year|composite_start_doy|red_raw|nir_raw|swir2_raw|red|nir|swir2|valid_b01|valid_b02|valid_b07|valid_reflectance|pixel_doy|state_valid|qc_valid|cloud_state|cloud_shadow|land_water|aerosol|cirrus|internal_cloud|snow_ice|adjacent_cloud|modland|band1_quality|band2_quality|band7_quality|ndvi|ndfi,,year,,rice_cell_id|rice_x|rice_y|land_water,False
data\processed\post2021\mod09a1_ricefloodit_native_pixels_2012.csv,rice_cell_id|rice_x|rice_y|native_position|modis_row|modis_col|source_file|year|composite_start_doy|red_raw|nir_raw|swir2_raw|red|nir|swir2|valid_b01|valid_b02|valid_b07|valid_reflectance|pixel_doy|state_valid|qc_valid|cloud_state|cloud_shadow|land_water|aerosol|cirrus|internal_cloud|snow_ice|adjacent_cloud|modland|band1_quality|band2_quality|band7_quality|ndvi|ndfi,,year,,rice_cell_id|rice_x|rice_y|land_water,False
data\processed\post2021\mod09a1_ricefloodit_native_pixels_2013.csv,rice_cell_id|rice_x|rice_y|native_position|modis_row|modis_col|source_file|year|composite_start_doy|red_raw|nir_raw|swir2_raw|red|nir|swir2|valid_b01|valid_b02|valid_b07|valid_reflectance|pixel_doy|state_valid|qc_valid|cloud_state|cloud_shadow|land_water|aerosol|cirrus|internal_cloud|snow_ice|adjacent_cloud|modland|band1_quality|band2_quality|band7_quality|ndvi|ndfi,,year,,rice_cell_id|rice_x|rice_y|land_water,False
data\processed\post2021\mod09a1_ricefloodit_native_pixels_2014.csv,rice_cell_id|rice_x|rice_y|native_position|modis_row|modis_col|source_file|year|composite_start_doy|red_raw|nir_raw|swir2_raw|red|nir|swir2|valid_b01|valid_b02|valid_b07|valid_reflectance|pixel_doy|state_valid|qc_valid|cloud_state|cloud_shadow|land_water|aerosol|cirrus|internal_cloud|snow_ice|adjacent_cloud|modland|band1_quality|band2_quality|band7_quality|ndvi|ndfi,,year,,rice_cell_id|rice_x|rice_y|land_water,False
data\processed\post2021\mod09a1_ricefloodit_native_pixels_2015.csv,rice_cell_id|rice_x|rice_y|native_position|modis_row|modis_col|source_file|year|composite_start_doy|red_raw|nir_raw|swir2_raw|red|nir|swir2|valid_b01|valid_b02|valid_b07|valid_reflectance|pixel_doy|state_valid|qc_valid|cloud_state|cloud_shadow|land_water|aerosol|cirrus|internal_cloud|snow_ice|adjacent_cloud|modland|band1_quality|band2_quality|band7_quality|ndvi|ndfi,,year,,rice_cell_id|rice_x|rice_y|land_water,False
data\processed\post2021\mod09a1_ricefloodit_native_pixels_2016.csv,rice_cell_id|rice_x|rice_y|native_position|modis_row|modis_col|source_file|year|composite_start_doy|red_raw|nir_raw|swir2_raw|red|nir|swir2|valid_b01|valid_b02|valid_b07|valid_reflectance|pixel_doy|state_valid|qc_valid|cloud_state|cloud_shadow|land_water|aerosol|cirrus|internal_cloud|snow_ice|adjacent_cloud|modland|band1_quality|band2_quality|band7_quality|ndvi|ndfi,,year,,rice_cell_id|rice_x|rice_y|land_water,False
data\processed\post2021\mod09a1_ricefloodit_native_pixels_2017.csv,rice_cell_id|rice_x|rice_y|native_position|modis_row|modis_col|source_file|year|composite_start_doy|red_raw|nir_raw|swir2_raw|red|nir|swir2|valid_b01|valid_b02|valid_b07|valid_reflectance|pixel_doy|state_valid|qc_valid|cloud_state|cloud_shadow|land_water|aerosol|cirrus|internal_cloud|snow_ice|adjacent_cloud|modland|band1_quality|band2_quality|band7_quality|ndvi|ndfi,,year,,rice_cell_id|rice_x|rice_y|land_water,False
data\processed\post2021\mod09a1_ricefloodit_native_pixels_2018.csv,rice_cell_id|rice_x|rice_y|native_position|modis_row|modis_col|source_file|year|composite_start_doy|red_raw|nir_raw|swir2_raw|red|nir|swir2|valid_b01|valid_b02|valid_b07|valid_reflectance|pixel_doy|state_valid|qc_valid|cloud_state|cloud_shadow|land_water|aerosol|cirrus|internal_cloud|snow_ice|adjacent_cloud|modland|band1_quality|band2_quality|band7_quality|ndvi|ndfi,,year,,rice_cell_id|rice_x|rice_y|land_water,False
data\processed\post2021\mod09a1_ricefloodit_native_pixels_2019.csv,rice_cell_id|rice_x|rice_y|native_position|modis_row|modis_col|source_file|year|composite_start_doy|red_raw|nir_raw|swir2_raw|red|nir|swir2|valid_b01|valid_b02|valid_b07|valid_reflectance|pixel_doy|state_valid|qc_valid|cloud_state|cloud_shadow|land_water|aerosol|cirrus|internal_cloud|snow_ice|adjacent_cloud|modland|band1_quality|band2_quality|band7_quality|ndvi|ndfi,,year,,rice_cell_id|rice_x|rice_y|land_water,False
data\processed\post2021\mod09a1_ricefloodit_native_pixels_2020.csv,rice_cell_id|rice_x|rice_y|native_position|modis_row|modis_col|source_file|year|composite_start_doy|red_raw|nir_raw|swir2_raw|red|nir|swir2|valid_b01|valid_b02|valid_b07|valid_reflectance|pixel_doy|state_valid|qc_valid|cloud_state|cloud_shadow|land_water|aerosol|cirrus|internal_cloud|snow_ice|adjacent_cloud|modland|band1_quality|band2_quality|band7_quality|ndvi|ndfi,,year,,rice_cell_id|rice_x|rice_y|land_water,False
data\processed\post2021\mod09a1_ricefloodit_native_pixels_2021.csv,rice_cell_id|rice_x|rice_y|native_position|modis_row|modis_col|source_file|year|composite_start_doy|red_raw|nir_raw|swir2_raw|red|nir|swir2|valid_b01|valid_b02|valid_b07|valid_reflectance|pixel_doy|state_valid|qc_valid|cloud_state|cloud_shadow|land_water|aerosol|cirrus|internal_cloud|snow_ice|adjacent_cloud|modland|band1_quality|band2_quality|band7_quality|ndvi|ndfi,,year,,rice_cell_id|rice_x|rice_y|land_water,False
data\processed\post2021\mod09a1_ricefloodit_native_pixels_2022.csv,rice_cell_id|rice_x|rice_y|native_position|modis_row|modis_col|source_file|year|composite_start_doy|red_raw|nir_raw|swir2_raw|red|nir|swir2|valid_b01|valid_b02|valid_b07|valid_reflectance|pixel_doy|state_valid|qc_valid|cloud_state|cloud_shadow|land_water|aerosol|cirrus|internal_cloud|snow_ice|adjacent_cloud|modland|band1_quality|band2_quality|band7_quality|ndvi|ndfi,,year,,rice_cell_id|rice_x|rice_y|land_water,False
data\processed\post2021\mod09a1_ricefloodit_native_pixels_2023.csv,rice_cell_id|rice_x|rice_y|native_position|modis_row|modis_col|source_file|year|composite_start_doy|red_raw|nir_raw|swir2_raw|red|nir|swir2|valid_b01|valid_b02|valid_b07|valid_reflectance|pixel_doy|state_valid|qc_valid|cloud_state|cloud_shadow|land_water|aerosol|cirrus|internal_cloud|snow_ice|adjacent_cloud|modland|band1_quality|band2_quality|band7_quality|ndvi|ndfi,,year,,rice_cell_id|rice_x|rice_y|land_water,False
data\processed\post2021\mod09a1_ricefloodit_native_pixels_2024.csv,rice_cell_id|rice_x|rice_y|native_position|modis_row|modis_col|source_file|year|composite_start_doy|red_raw|nir_raw|swir2_raw|red|nir|swir2|valid_b01|valid_b02|valid_b07|valid_reflectance|pixel_doy|state_valid|qc_valid|cloud_state|cloud_shadow|land_water|aerosol|cirrus|internal_cloud|snow_ice|adjacent_cloud|modland|band1_quality|band2_quality|band7_quality|ndvi|ndfi,,year,,rice_cell_id|rice_x|rice_y|land_water,False
data\processed\post2021\mod09a1_ricefloodit_native_pixels_2025.csv,rice_cell_id|rice_x|rice_y|native_position|modis_row|modis_col|source_file|year|composite_start_doy|red_raw|nir_raw|swir2_raw|red|nir|swir2|valid_b01|valid_b02|valid_b07|valid_reflectance|pixel_doy|state_valid|qc_valid|cloud_state|cloud_shadow|land_water|aerosol|cirrus|internal_cloud|snow_ice|adjacent_cloud|modland|band1_quality|band2_quality|band7_quality|ndvi|ndfi,,year,,rice_cell_id|rice_x|rice_y|land_water,False
data\processed\post2021\ricefloodit_compatible_ff_2022_2025.csv,rice_cell_id|rice_x|rice_y|seasonal_ndfi|composites_valid|min_native_valid|mean_native_valid|year|ff_reconstructed|product|bridge_intercept|bridge_slope|cell_mean_ff|ff_cell_anomaly,,year,,rice_cell_id|rice_x|rice_y|ff_reconstructed|ff_cell_anomaly,False
data\processed\publication_groundwater\ricefloodit_georef.csv,x|y|subdistrict|year|ff|count|utm_e|utm_n|lon|lat|balanced_pixel,,year,x|y|utm_e|utm_n|lon|lat,,False
data\processed\publication_groundwater\well_ricefloodit_exposures.csv,station|year|ff_2|ffw_2|ffb_2|n_2|nbal_2|countsum_2|ff_5|ffw_5|ffb_5|n_5|nbal_5|countsum_5|ff_10|ffw_10|ffb_10|n_10|nbal_10|countsum_10|ff_2_station_mean|ff_2_anom|ff_5_station_mean|ff_5_anom|ff_10_station_mean|ff_10_anom,station|ff_2_station_mean|ff_5_station_mean|ff_10_station_mean,year,,ff_2|ff_5|ff_10|ff_2_station_mean|ff_2_anom|ff_5_station_mean|ff_5_anom|ff_10_station_mean|ff_10_anom,False
