year,treatment,date,ponding_level_mm,wet_state,dry_state
2019,AWD,2019-05-14,40.715336761303,1,0
2019,AWD,2019-05-15,97.9123565065951,1,0
2019,AWD,2019-05-16,105.822917806423,1,0
2019,AWD,2019-05-17,96.788778521527,1,0
2019,AWD,2019-05-18,101.454061220464,1,0
2019,AWD,2019-05-19,97.3097629918996,1,0
2019,AWD,2019-05-20,94.7386177283929,1,0
2019,AWD,2019-05-21,97.3390709434721,1,0
2019,AWD,2019-05-22,94.5397558564402,1,0
2019,AWD,2019-05-23,92.5002907208591,1,0
2019,AWD,2019-05-24,70.9516645230185,1,0
2019,AWD,2019-05-25,49.9811798177323,1,0
2019,AWD,2019-05-26,41.8067334385184,1,0
2019,AWD,2019-05-27,38.8609332491065,1,0
2019,AWD,2019-05-28,40.0712957322899,1,0
2019,AWD,2019-05-29,31.0364164962428,1,0
2019,AWD,2019-05-30,20.4036762330811,1,0
2019,AWD,2019-05-31,4.35326810546891,1,0
2019,AWD,2019-06-01,0.0,0,1
2019,AWD,2019-06-02,0.0,0,1
2019,AWD,2019-06-03,0.0,0,1
2019,AWD,2019-06-04,19.5219669972495,1,0
2019,AWD,2019-06-05,35.6053668046503,1,0
2019,AWD,2019-06-06,26.8532960578344,1,0
2019,AWD,2019-06-07,31.8342688252955,1,0
2019,AWD,2019-06-08,40.5781454539626,1,0
2019,AWD,2019-06-09,32.0321931455051,1,0
2019,AWD,2019-06-10,28.5053210888084,1,0
2019,AWD,2019-06-11,23.2487165174316,1,0
2019,AWD,2019-06-12,56.3514318933834,1,0
2019,AWD,2019-06-13,105.421759175638,1,0
2019,AWD,2019-06-14,115.240910955402,1,0
2019,AWD,2019-06-15,132.738224717954,1,0
2019,AWD,2019-06-16,130.273729118418,1,0
2019,AWD,2019-06-17,65.5394912676173,1,0
2019,AWD,2019-06-18,0.0,0,1
2019,AWD,2019-06-19,0.0,0,1
2019,AWD,2019-06-20,0.0,0,1
2019,AWD,2019-06-21,43.5088263092661,1,0
2019,AWD,2019-06-22,99.3134329905293,1,0
2019,AWD,2019-06-23,94.2029729758321,1,0
2019,AWD,2019-06-24,87.6952791780668,1,0
2019,AWD,2019-06-25,80.6964301907217,1,0
2019,AWD,2019-06-26,84.6628290271127,1,0
2019,AWD,2019-06-27,88.4390015578301,1,0
2019,AWD,2019-06-28,80.3657434985771,1,0
2019,AWD,2019-06-29,71.2051019966586,1,0
2019,AWD,2019-06-30,63.7784855669521,1,0
2019,AWD,2019-07-01,63.672744024849,1,0
2019,AWD,2019-07-02,52.9153846362595,1,0
2019,AWD,2019-07-03,42.2097881941284,1,0
2019,AWD,2019-07-04,31.5037503038672,1,0
2019,AWD,2019-07-05,20.4724029801133,1,0
2019,AWD,2019-07-06,11.7630488565025,1,0
2019,AWD,2019-07-07,18.4175359294854,1,0
2019,AWD,2019-07-08,26.0363479439527,1,0
2019,AWD,2019-07-09,49.9993548678899,1,0
2019,AWD,2019-07-10,43.8879721800134,1,0
2019,AWD,2019-07-11,33.0607462673625,1,0
2019,AWD,2019-07-12,10.2119157460082,1,0
2019,AWD,2019-07-13,0.0,0,1
2019,AWD,2019-07-14,0.0,0,1
2019,AWD,2019-07-15,4.54538139203708,1,0
2019,AWD,2019-07-16,0.0,0,1
2019,AWD,2019-07-17,0.0,0,1
2019,AWD,2019-07-18,45.4287628470001,1,0
2019,AWD,2019-07-19,85.6802492475551,1,0
2019,AWD,2019-07-20,82.8379160913093,1,0
2019,AWD,2019-07-21,76.8044511005343,1,0
2019,AWD,2019-07-22,69.0312348246592,1,0
2019,AWD,2019-07-23,64.28823623348,1,0
2019,AWD,2019-07-24,73.559571905095,1,0
2019,AWD,2019-07-25,66.357089201724,1,0
2019,AWD,2019-07-26,57.4138335761518,1,0
2019,AWD,2019-07-27,50.2973323557258,1,0
2019,AWD,2019-07-28,46.5740326981941,1,0
2019,AWD,2019-07-29,37.7743360045393,1,0
2019,AWD,2019-07-30,26.7214838504463,1,0
2019,AWD,2019-07-31,15.2521241242977,1,0
2019,AWD,2019-08-01,1.7749257652444,1,0
2019,AWD,2019-08-02,38.4235130726845,1,0
2019,AWD,2019-08-03,89.426794302339,1,0
2019,AWD,2019-08-04,81.0528848408619,1,0
2019,AWD,2019-08-05,72.6483304706181,1,0
2019,AWD,2019-08-06,65.1929316228273,1,0
2019,AWD,2019-08-07,57.6147807649858,1,0
2019,AWD,2019-08-08,53.7326690915737,1,0
2019,AWD,2019-08-09,45.3421611804038,1,0
2019,AWD,2019-08-10,39.8408261742201,1,0
2019,AWD,2019-08-11,31.6310471275244,1,0
2019,AWD,2019-08-12,36.5324373077932,1,0
2019,AWD,2019-08-13,55.2556104850305,1,0
2019,AWD,2019-08-14,51.030199315756,1,0
2019,AWD,2019-08-15,46.5220679468762,1,0
2019,AWD,2019-08-16,42.0986609848377,1,0
2019,AWD,2019-08-17,35.4344338843971,1,0
2019,AWD,2019-08-18,29.1909278733074,1,0
2019,AWD,2019-08-19,24.6088602490332,1,0
2019,AWD,2019-08-20,20.8543270852279,1,0
2019,AWD,2019-08-21,18.4023349784445,1,0
2019,AWD,2019-08-22,12.5947165327498,1,0
2019,AWD,2019-08-23,6.55611602872764,1,0
2019,AWD,2019-08-24,3.66497983608747,1,0
2019,AWD,2019-08-25,0.54338838129442,1,0
2019,AWD,2019-08-26,39.7114640060632,1,0
2019,AWD,2019-08-27,92.2543830910385,1,0
2019,AWD,2019-08-28,97.9846152590951,1,0
2019,AWD,2019-08-29,100.584215007789,1,0
2019,AWD,2019-08-30,93.7474741823629,1,0
2019,AWD,2019-08-31,85.2396756051521,1,0
2019,AWD,2019-09-01,76.2668723847367,1,0
2019,AWD,2019-09-02,69.036561632096,1,0
2019,AWD,2019-09-03,61.0783743854296,1,0
2019,AWD,2019-09-04,23.2065942223331,1,0
2019,AWD,2019-09-05,0.0,0,1
2019,AWD,2019-09-06,0.0,0,1
2019,AWD,2019-09-07,0.0,0,1
2019,AWD,2019-09-08,0.0,0,1
2019,AWD,2019-09-09,0.0,0,1
2019,AWD,2019-09-10,0.0,0,1
2019,AWD,2019-09-11,0.0,0,1
2019,AWD,2019-09-12,0.0,0,1
2019,AWD,2019-09-13,0.0,0,1
2019,AWD,2019-09-14,0.0,0,1
2019,AWD,2019-09-15,0.0,0,1
2019,AWD,2019-09-16,0.0,0,1
2019,AWD,2019-09-17,0.0,0,1
2019,AWD,2019-09-18,0.0,0,1
2019,AWD,2019-09-19,0.0,0,1
2019,AWD,2019-09-20,0.0,0,1
2019,AWD,2019-09-21,0.0,0,1
2019,AWD,2019-09-22,0.0,0,1
2019,AWD,2019-09-23,0.0,0,1
2019,AWD,2019-09-24,0.0,0,1
2019,AWD,2019-09-25,0.0,0,1
2019,AWD,2019-09-26,0.0,0,1
2019,AWD,2019-09-27,0.0,0,1
2019,AWD,2019-09-28,0.0,0,1
2019,AWD,2019-09-29,0.0,0,1
2019,AWD,2019-09-30,0.0,0,1
2019,AWD,2019-10-01,0.0,0,1
2019,AWD,2019-10-02,0.0,0,1
2019,AWD,2019-10-03,0.0,0,1
2019,AWD,2019-10-04,0.0,0,1
2019,AWD,2019-10-05,0.0,0,1
2019,AWD,2019-10-06,0.0,0,1
2019,AWD,2019-10-07,0.0,0,1
2019,AWD,2019-10-08,0.0,0,1
2019,DFL,2019-04-30,0.0,0,1
2019,DFL,2019-05-01,0.0,0,1
2019,DFL,2019-05-02,0.0,0,1
2019,DFL,2019-05-03,0.0,0,1
2019,DFL,2019-05-04,0.0,0,1
2019,DFL,2019-05-05,0.0,0,1
2019,DFL,2019-05-06,0.0,0,1
2019,DFL,2019-05-07,0.0,0,1
2019,DFL,2019-05-08,0.0,0,1
2019,DFL,2019-05-09,0.0,0,1
2019,DFL,2019-05-10,0.0,0,1
2019,DFL,2019-05-11,0.0,0,1
2019,DFL,2019-05-12,0.0,0,1
2019,DFL,2019-05-13,0.0,0,1
2019,DFL,2019-05-14,0.0,0,1
2019,DFL,2019-05-15,0.0,0,1
2019,DFL,2019-05-16,0.0,0,1
2019,DFL,2019-05-17,0.0,0,1
2019,DFL,2019-05-18,0.0,0,1
2019,DFL,2019-05-19,0.0,0,1
2019,DFL,2019-05-20,0.0,0,1
2019,DFL,2019-05-21,0.0,0,1
2019,DFL,2019-05-22,0.0,0,1
2019,DFL,2019-05-23,0.0,0,1
2019,DFL,2019-05-24,0.0,0,1
2019,DFL,2019-05-25,0.0,0,1
2019,DFL,2019-05-26,0.0,0,1
2019,DFL,2019-05-27,0.0,0,1
2019,DFL,2019-05-28,0.0,0,1
2019,DFL,2019-05-29,0.0,0,1
2019,DFL,2019-05-30,0.0,0,1
2019,DFL,2019-05-31,0.0,0,1
2019,DFL,2019-06-01,0.0,0,1
2019,DFL,2019-06-02,0.0,0,1
2019,DFL,2019-06-03,0.0,0,1
2019,DFL,2019-06-04,0.0,0,1
2019,DFL,2019-06-05,0.0,0,1
2019,DFL,2019-06-06,0.0,0,1
2019,DFL,2019-06-07,24.9280931623993,1,0
2019,DFL,2019-06-08,42.4364981570708,1,0
2019,DFL,2019-06-09,56.432381815,1,0
2019,DFL,2019-06-10,65.0477809971385,1,0
2019,DFL,2019-06-11,72.1841486662081,1,0
2019,DFL,2019-06-12,77.1056926428678,1,0
2019,DFL,2019-06-13,96.4214892208129,1,0
2019,DFL,2019-06-14,90.1161224990714,1,0
2019,DFL,2019-06-15,92.0656522078588,1,0
2019,DFL,2019-06-16,79.2983645105987,1,0
2019,DFL,2019-06-17,115.632502850183,1,0
2019,DFL,2019-06-18,119.688726439892,1,0
2019,DFL,2019-06-19,135.359953315855,1,0
2019,DFL,2019-06-20,139.341074941884,1,0
2019,DFL,2019-06-21,129.341576244989,1,0
2019,DFL,2019-06-22,139.186417072913,1,0
2019,DFL,2019-06-23,140.122590496505,1,0
2019,DFL,2019-06-24,140.605107671602,1,0
2019,DFL,2019-06-25,113.883472269027,1,0
2019,DFL,2019-06-26,89.8864446722501,1,0
2019,DFL,2019-06-27,83.7118721231108,1,0
2019,DFL,2019-06-28,80.5816327326866,1,0
2019,DFL,2019-06-29,92.445047052427,1,0
2019,DFL,2019-06-30,102.118080542297,1,0
2019,DFL,2019-07-01,92.0101496374168,1,0
2019,DFL,2019-07-02,72.7613825743152,1,0
2019,DFL,2019-07-03,68.1413484057072,1,0
2019,DFL,2019-07-04,65.5280942655689,1,0
2019,DFL,2019-07-05,73.7058283359533,1,0
2019,DFL,2019-07-06,71.2535875165681,1,0
2019,DFL,2019-07-07,69.3985695262173,1,0
2019,DFL,2019-07-08,66.7311351596368,1,0
2019,DFL,2019-07-09,34.7003329001163,1,0
2019,DFL,2019-07-10,0.0,0,1
2019,DFL,2019-07-11,0.0,0,1
2019,DFL,2019-07-12,45.0737269256421,1,0
2019,DFL,2019-07-13,99.3879373430116,1,0
2019,DFL,2019-07-14,95.3353425112562,1,0
2019,DFL,2019-07-15,111.56466518488,1,0
2019,DFL,2019-07-16,86.5569977460082,1,0
2019,DFL,2019-07-17,94.6407121329327,1,0
2019,DFL,2019-07-18,104.53653495995,1,0
2019,DFL,2019-07-19,103.847373345378,1,0
2019,DFL,2019-07-20,94.869472519537,1,0
2019,DFL,2019-07-21,89.0785693688258,1,0
2019,DFL,2019-07-22,93.5364728872544,1,0
2019,DFL,2019-07-23,106.576747740012,1,0
2019,DFL,2019-07-24,105.314944543782,1,0
2019,DFL,2019-07-25,109.004012658967,1,0
2019,DFL,2019-07-26,112.824382357824,1,0
2019,DFL,2019-07-27,106.873788230359,1,0
2019,DFL,2019-07-28,108.303452234101,1,0
2019,DFL,2019-07-29,115.476168987073,1,0
2019,DFL,2019-07-30,117.164699767555,1,0
2019,DFL,2019-07-31,95.8045183629749,1,0
2019,DFL,2019-08-01,95.737242830643,1,0
2019,DFL,2019-08-02,101.143082483825,1,0
2019,DFL,2019-08-03,104.735670740667,1,0
2019,DFL,2019-08-04,102.296289460412,1,0
2019,DFL,2019-08-05,105.261266603045,1,0
2019,DFL,2019-08-06,118.510979218843,1,0
2019,DFL,2019-08-07,115.732970241983,1,0
2019,DFL,2019-08-08,97.3444904580509,1,0
2019,DFL,2019-08-09,91.476014918048,1,0
2019,DFL,2019-08-10,98.0930089170493,1,0
2019,DFL,2019-08-11,84.4502372353508,1,0
2019,DFL,2019-08-12,102.379576630943,1,0
2019,DFL,2019-08-13,100.684157360788,1,0
2019,DFL,2019-08-14,95.7318150698065,1,0
2019,DFL,2019-08-15,87.7709146632063,1,0
2019,DFL,2019-08-16,77.3967774598512,1,0
2019,DFL,2019-08-17,85.5045708084468,1,0
2019,DFL,2019-08-18,79.1209500239563,1,0
2019,DFL,2019-08-19,74.1282403634304,1,0
2019,DFL,2019-08-20,83.3177521067926,1,0
2019,DFL,2019-08-21,71.6881979111752,1,0
2019,DFL,2019-08-22,75.8332850678172,1,0
2019,DFL,2019-08-23,69.4570704347985,1,0
2019,DFL,2019-08-24,66.749043182642,1,0
2019,DFL,2019-08-25,61.0942389566254,1,0
2019,DFL,2019-08-26,71.7750779621091,1,0
2019,DFL,2019-08-27,71.5164367014003,1,0
2019,DFL,2019-08-28,76.5165781402197,1,0
2019,DFL,2019-08-29,68.6572727055746,1,0
2019,DFL,2019-08-30,33.2454349258572,1,0
2019,DFL,2019-08-31,0.0,0,1
2019,DFL,2019-09-01,0.0,0,1
2019,DFL,2019-09-02,0.0,0,1
2019,DFL,2019-09-03,0.0,0,1
2019,DFL,2019-09-04,0.0,0,1
2019,DFL,2019-09-05,0.0,0,1
2019,DFL,2019-09-06,0.0,0,1
2019,DFL,2019-09-07,0.0,0,1
2019,DFL,2019-09-08,0.0,0,1
2019,DFL,2019-09-09,0.0,0,1
2019,DFL,2019-09-10,0.0,0,1
2019,DFL,2019-09-11,0.0,0,1
2019,DFL,2019-09-12,0.0,0,1
2019,DFL,2019-09-13,0.0,0,1
2019,DFL,2019-09-14,0.0,0,1
2019,DFL,2019-09-15,0.0,0,1
2019,DFL,2019-09-16,0.0,0,1
2019,DFL,2019-09-17,0.0,0,1
2019,DFL,2019-09-18,0.0,0,1
2019,DFL,2019-09-19,0.0,0,1
2019,DFL,2019-09-20,0.0,0,1
2019,DFL,2019-09-21,0.0,0,1
2019,DFL,2019-09-22,0.0,0,1
2019,DFL,2019-09-23,0.0,0,1
2019,DFL,2019-09-24,0.0,0,1
2019,DFL,2019-09-25,0.0,0,1
2019,DFL,2019-09-26,0.0,0,1
2019,DFL,2019-09-27,0.0,0,1
2019,DFL,2019-09-28,0.0,0,1
2019,DFL,2019-09-29,0.0,0,1
2019,DFL,2019-09-30,0.0,0,1
2019,DFL,2019-10-01,0.0,0,1
2019,DFL,2019-10-02,0.0,0,1
2019,DFL,2019-10-03,0.0,0,1
2019,WFL,2019-05-14,38.590837953879,1,0
2019,WFL,2019-05-15,72.7614970925375,1,0
2019,WFL,2019-05-16,80.5035952254521,1,0
2019,WFL,2019-05-17,82.5587429916473,1,0
2019,WFL,2019-05-18,92.6744340397709,1,0
2019,WFL,2019-05-19,93.0253241434257,1,0
2019,WFL,2019-05-20,86.6124371392892,1,0
2019,WFL,2019-05-21,75.4628833880137,1,0
2019,WFL,2019-05-22,75.1917230962378,1,0
2019,WFL,2019-05-23,76.8701392929511,1,0
2019,WFL,2019-05-24,41.7214234912015,1,0
2019,WFL,2019-05-25,14.0104775848451,1,0
2019,WFL,2019-05-26,5.60260704403485,1,0
2019,WFL,2019-05-27,2.98353820980935,1,0
2019,WFL,2019-05-28,4.96168198919746,1,0
2019,WFL,2019-05-29,0.449438321713975,1,0
2019,WFL,2019-05-30,0.0,0,1
2019,WFL,2019-05-31,0.103112001385566,1,0
2019,WFL,2019-06-01,0.0,0,1
2019,WFL,2019-06-02,0.0,0,1
2019,WFL,2019-06-03,0.0,0,1
2019,WFL,2019-06-04,3.35834804298776,1,0
2019,WFL,2019-06-05,2.05705161182962,1,0
2019,WFL,2019-06-06,0.0,0,1
2019,WFL,2019-06-07,4.1678730400732,1,0
2019,WFL,2019-06-08,7.65750118028601,1,0
2019,WFL,2019-06-09,0.435623904357577,1,0
2019,WFL,2019-06-10,0.0,0,1
2019,WFL,2019-06-11,0.0,0,1
2019,WFL,2019-06-12,23.2972543973925,1,0
2019,WFL,2019-06-13,76.9806618207268,1,0
2019,WFL,2019-06-14,88.1129209979935,1,0
2019,WFL,2019-06-15,93.0392686885914,1,0
2019,WFL,2019-06-16,94.3304422495824,1,0
2019,WFL,2019-06-17,47.1468865882733,1,0
2019,WFL,2019-06-18,0.0,0,1
2019,WFL,2019-06-19,0.0,0,1
2019,WFL,2019-06-20,0.0,0,1
2019,WFL,2019-06-21,25.9506274777829,1,0
2019,WFL,2019-06-22,74.3457633760613,1,0
2019,WFL,2019-06-23,79.6104843868155,1,0
2019,WFL,2019-06-24,78.9353950869988,1,0
2019,WFL,2019-06-25,82.1166404905763,1,0
2019,WFL,2019-06-26,83.0440923134491,1,0
2019,WFL,2019-06-27,95.239024879211,1,0
2019,WFL,2019-06-28,93.8888608560112,1,0
2019,WFL,2019-06-29,95.8492865839995,1,0
2019,WFL,2019-06-30,99.2086738618185,1,0
2019,WFL,2019-07-01,97.1357180667424,1,0
2019,WFL,2019-07-02,88.4010653857433,1,0
2019,WFL,2019-07-03,84.8404774090225,1,0
2019,WFL,2019-07-04,63.9229909665276,1,0
2019,WFL,2019-07-05,66.0226059653535,1,0
2019,WFL,2019-07-06,69.4720766958094,1,0
2019,WFL,2019-07-07,63.3334700690524,1,0
2019,WFL,2019-07-08,54.6435353353413,1,0
2019,WFL,2019-07-09,71.314455905429,1,0
2019,WFL,2019-07-10,71.2161108946607,1,0
2019,WFL,2019-07-11,37.4321538047512,1,0
2019,WFL,2019-07-12,0.0,0,1
2019,WFL,2019-07-13,0.0,0,1
2019,WFL,2019-07-14,0.0,0,1
2019,WFL,2019-07-15,0.0,0,1
2019,WFL,2019-07-16,0.0,0,1
2019,WFL,2019-07-17,0.0,0,1
2019,WFL,2019-07-18,34.7887869491571,1,0
2019,WFL,2019-07-19,64.4944727986498,1,0
2019,WFL,2019-07-20,56.7102280013273,1,0
2019,WFL,2019-07-21,52.3918403966586,1,0
2019,WFL,2019-07-22,59.9964882272595,1,0
2019,WFL,2019-07-23,62.7457016233021,1,0
2019,WFL,2019-07-24,67.0841591549295,1,0
2019,WFL,2019-07-25,68.1923948306267,1,0
2019,WFL,2019-07-26,67.3243649323962,1,0
2019,WFL,2019-07-27,57.5249905095757,1,0
2019,WFL,2019-07-28,48.13321252548,1,0
2019,WFL,2019-07-29,60.498113959186,1,0
2019,WFL,2019-07-30,73.2627474812998,1,0
2019,WFL,2019-07-31,63.8522540853339,1,0
2019,WFL,2019-08-01,63.4660073844346,1,0
2019,WFL,2019-08-02,55.3601401399928,1,0
2019,WFL,2019-08-03,48.9985104356505,1,0
2019,WFL,2019-08-04,40.8701269742876,1,0
2019,WFL,2019-08-05,44.7371400084974,1,0
2019,WFL,2019-08-06,53.4148498517921,1,0
2019,WFL,2019-08-07,57.3484567803668,1,0
2019,WFL,2019-08-08,61.1424141872143,1,0
2019,WFL,2019-08-09,61.5023026877168,1,0
2019,WFL,2019-08-10,59.7275712486086,1,0
2019,WFL,2019-08-11,47.9068707583837,1,0
2019,WFL,2019-08-12,58.6944595961959,1,0
2019,WFL,2019-08-13,70.0768696871368,1,0
2019,WFL,2019-08-14,73.5021191223559,1,0
2019,WFL,2019-08-15,81.3136663085591,1,0
2019,WFL,2019-08-16,75.5885909154511,1,0
2019,WFL,2019-08-17,82.2190224446191,1,0
2019,WFL,2019-08-18,76.2669668366248,1,0
2019,WFL,2019-08-19,91.3628826246622,1,0
2019,WFL,2019-08-20,80.5929491275894,1,0
2019,WFL,2019-08-21,59.0513089103011,1,0
2019,WFL,2019-08-22,52.481800678432,1,0
2019,WFL,2019-08-23,52.1304208066096,1,0
2019,WFL,2019-08-24,46.3377176855863,1,0
2019,WFL,2019-08-25,38.142001304677,1,0
2019,WFL,2019-08-26,38.7125101598591,1,0
2019,WFL,2019-08-27,43.8196664832184,1,0
2019,WFL,2019-08-28,56.5410407946329,1,0
2019,WFL,2019-08-29,49.5416134092736,1,0
2019,WFL,2019-08-30,49.4998242318987,1,0
2019,WFL,2019-08-31,54.219142107814,1,0
2019,WFL,2019-09-01,45.6178648871267,1,0
2019,WFL,2019-09-02,45.2945799977599,1,0
2019,WFL,2019-09-03,44.3465385980719,1,0
2019,WFL,2019-09-04,17.434946486839,1,0
2019,WFL,2019-09-05,0.0,0,1
2019,WFL,2019-09-06,0.0,0,1
2019,WFL,2019-09-07,0.0,0,1
2019,WFL,2019-09-08,0.0,0,1
2019,WFL,2019-09-09,0.0,0,1
2019,WFL,2019-09-10,0.0,0,1
2019,WFL,2019-09-11,0.0,0,1
2019,WFL,2019-09-12,0.0,0,1
2019,WFL,2019-09-13,0.0,0,1
2019,WFL,2019-09-14,0.0,0,1
2019,WFL,2019-09-15,0.0,0,1
2019,WFL,2019-09-16,0.0,0,1
2019,WFL,2019-09-17,0.0,0,1
2019,WFL,2019-09-18,0.0,0,1
2019,WFL,2019-09-19,0.0,0,1
2019,WFL,2019-09-20,0.0,0,1
2019,WFL,2019-09-21,0.0,0,1
2019,WFL,2019-09-22,0.0,0,1
2019,WFL,2019-09-23,0.0,0,1
2019,WFL,2019-09-24,0.0,0,1
2019,WFL,2019-09-25,0.0,0,1
2019,WFL,2019-09-26,0.0,0,1
2019,WFL,2019-09-27,0.0,0,1
2019,WFL,2019-09-28,0.0,0,1
2019,WFL,2019-09-29,0.0,0,1
2019,WFL,2019-09-30,0.0,0,1
2019,WFL,2019-10-01,0.0,0,1
2019,WFL,2019-10-02,0.0,0,1
2019,WFL,2019-10-03,0.0,0,1
2019,WFL,2019-10-04,0.0,0,1
2019,WFL,2019-10-05,0.0,0,1
2019,WFL,2019-10-06,0.0,0,1
2019,WFL,2019-10-07,0.0,0,1
2019,WFL,2019-10-08,0.0,0,1
2020,AWD,2020-05-06,0.0,0,1
2020,AWD,2020-05-07,72.0300403537651,1,0
2020,AWD,2020-05-08,93.0863938237074,1,0
2020,AWD,2020-05-09,89.817048087427,1,0
2020,AWD,2020-05-10,92.4438744431409,1,0
2020,AWD,2020-05-11,93.3062030854801,1,0
2020,AWD,2020-05-12,87.2719104621699,1,0
2020,AWD,2020-05-13,93.7124275096409,1,0
2020,AWD,2020-05-14,143.534944306204,1,0
2020,AWD,2020-05-15,0.0,0,1
2020,AWD,2020-05-16,0.0,0,1
2020,AWD,2020-05-17,0.0,0,1
2020,AWD,2020-05-18,0.0,0,1
2020,AWD,2020-05-19,0.0,0,1
2020,AWD,2020-05-20,12.4349929386473,1,0
2020,AWD,2020-05-21,0.0,0,1
2020,AWD,2020-05-22,19.6166197256172,1,0
2020,AWD,2020-05-23,20.4232563098053,1,0
2020,AWD,2020-05-24,0.0,0,1
2020,AWD,2020-05-25,0.0,0,1
2020,AWD,2020-05-26,0.0,0,1
2020,AWD,2020-05-27,0.0,0,1
2020,AWD,2020-05-28,28.3338,1,0
2020,AWD,2020-05-29,0.0,0,1
2020,AWD,2020-05-30,0.0,0,1
2020,AWD,2020-05-31,0.0,0,1
2020,AWD,2020-06-01,39.5371520347567,1,0
2020,AWD,2020-06-02,30.900171774646,1,0
2020,AWD,2020-06-03,43.3573141273753,1,0
2020,AWD,2020-06-04,49.0449934004749,1,0
2020,AWD,2020-06-05,42.8021754586569,1,0
2020,AWD,2020-06-06,38.9238795057674,1,0
2020,AWD,2020-06-07,57.9282706831602,1,0
2020,AWD,2020-06-08,0.0,0,1
2020,AWD,2020-06-09,0.0,0,1
2020,AWD,2020-06-10,0.0,0,1
2020,AWD,2020-06-11,0.0,0,1
2020,AWD,2020-06-12,0.0,0,1
2020,AWD,2020-06-13,81.8925651894406,1,0
2020,AWD,2020-06-14,74.8316388710623,1,0
2020,AWD,2020-06-15,69.3261241221806,1,0
2020,AWD,2020-06-16,64.8909251952534,1,0
2020,AWD,2020-06-17,61.0110413675764,1,0
2020,AWD,2020-06-18,83.1901235365212,1,0
2020,AWD,2020-06-19,76.7123883414381,1,0
2020,AWD,2020-06-20,70.7539764170916,1,0
2020,AWD,2020-06-21,65.2878938920964,1,0
2020,AWD,2020-06-22,58.6677792577456,1,0
2020,AWD,2020-06-23,52.2717313989462,1,0
2020,AWD,2020-06-24,43.357843418971,1,0
2020,AWD,2020-06-25,37.9060517670621,1,0
2020,AWD,2020-06-26,31.5540233259793,1,0
2020,AWD,2020-06-27,22.8672014405982,1,0
2020,AWD,2020-06-28,15.0731180467841,1,0
2020,AWD,2020-06-29,2.36209215860722,1,0
2020,AWD,2020-06-30,0.0,0,1
2020,AWD,2020-07-01,0.0,0,1
2020,AWD,2020-07-02,85.5698185511957,1,0
2020,AWD,2020-07-03,96.2609794945697,1,0
2020,AWD,2020-07-04,90.1529544791463,1,0
2020,AWD,2020-07-05,86.1890015030047,1,0
2020,AWD,2020-07-06,76.9122841341151,1,0
2020,AWD,2020-07-07,68.7115283642017,1,0
2020,AWD,2020-07-08,61.3818983456937,1,0
2020,AWD,2020-07-09,55.4629186452336,1,0
2020,AWD,2020-07-10,52.4381936058224,1,0
2020,AWD,2020-07-11,45.9989202667001,1,0
2020,AWD,2020-07-12,37.901199927434,1,0
2020,AWD,2020-07-13,30.1887156546375,1,0
2020,AWD,2020-07-14,23.7782887074858,1,0
2020,AWD,2020-07-15,13.7044581953355,1,0
2020,AWD,2020-07-16,2.56648692984836,1,0
2020,AWD,2020-07-17,85.0528770926402,1,0
2020,AWD,2020-07-18,78.8503735273683,1,0
2020,AWD,2020-07-19,73.0976796032524,1,0
2020,AWD,2020-07-20,64.0171529858691,1,0
2020,AWD,2020-07-21,57.7009399427681,1,0
2020,AWD,2020-07-22,53.9476450217511,1,0
2020,AWD,2020-07-23,47.4226264441108,1,0
2020,AWD,2020-07-24,60.9279425870374,1,0
2020,AWD,2020-07-25,54.6646587035155,1,0
2020,AWD,2020-07-26,46.6668862605878,1,0
2020,AWD,2020-07-27,42.4876880354913,1,0
2020,AWD,2020-07-28,37.3996961404224,1,0
2020,AWD,2020-07-29,29.0922881139573,1,0
2020,AWD,2020-07-30,22.0915246069671,1,0
2020,AWD,2020-07-31,12.6184400560392,1,0
2020,AWD,2020-08-01,0.0,0,1
2020,AWD,2020-08-02,27.2341217516685,1,0
2020,AWD,2020-08-03,87.2820768635783,1,0
2020,AWD,2020-08-04,80.8180150347197,1,0
2020,AWD,2020-08-05,74.54440996508,1,0
2020,AWD,2020-08-06,69.0901482857239,1,0
2020,AWD,2020-08-07,63.0950388107359,1,0
2020,AWD,2020-08-08,55.1763072461131,1,0
2020,AWD,2020-08-09,49.5318534533363,1,0
2020,AWD,2020-08-10,40.4777032004766,1,0
2020,AWD,2020-08-11,36.3420833167669,1,0
2020,AWD,2020-08-12,30.8424789907048,1,0
2020,AWD,2020-08-13,26.6739548127901,1,0
2020,AWD,2020-08-14,21.0773136941664,1,0
2020,AWD,2020-08-15,14.6163393996168,1,0
2020,AWD,2020-08-16,8.74279056112865,1,0
2020,AWD,2020-08-17,0.0,0,1
2020,AWD,2020-08-18,65.187593134694,1,0
2020,AWD,2020-08-19,59.8121959031108,1,0
2020,AWD,2020-08-20,53.2794143820655,1,0
2020,AWD,2020-08-21,48.7603227372055,1,0
2020,AWD,2020-08-22,44.4761483456106,1,0
2020,AWD,2020-08-23,40.1391330097025,1,0
2020,AWD,2020-08-24,36.2648949590474,1,0
2020,AWD,2020-08-25,30.5703348952025,1,0
2020,AWD,2020-08-26,26.8099827529083,1,0
2020,AWD,2020-08-27,22.7916009576662,1,0
2020,AWD,2020-08-28,49.3031112686888,1,0
2020,AWD,2020-08-29,48.6349688442691,1,0
2020,AWD,2020-08-30,62.6893368025625,1,0
2020,AWD,2020-08-31,0.0,0,1
2020,AWD,2020-09-01,0.0,0,1
2020,AWD,2020-09-02,0.0,0,1
2020,AWD,2020-09-03,0.0,0,1
2020,AWD,2020-09-04,0.0,0,1
2020,AWD,2020-09-05,0.0,0,1
2020,AWD,2020-09-06,0.0,0,1
2020,AWD,2020-09-07,0.0,0,1
2020,AWD,2020-09-08,0.0,0,1
2020,AWD,2020-09-09,0.0,0,1
2020,AWD,2020-09-10,0.0,0,1
2020,AWD,2020-09-11,0.0,0,1
2020,AWD,2020-09-12,0.0,0,1
2020,AWD,2020-09-13,0.0,0,1
2020,AWD,2020-09-14,0.0,0,1
2020,AWD,2020-09-15,0.0,0,1
2020,AWD,2020-09-16,0.0,0,1
2020,AWD,2020-09-17,0.0,0,1
2020,AWD,2020-09-18,0.0,0,1
2020,AWD,2020-09-19,0.0,0,1
2020,AWD,2020-09-20,0.0,0,1
2020,AWD,2020-09-21,0.0,0,1
2020,AWD,2020-09-22,0.0,0,1
2020,AWD,2020-09-23,0.0,0,1
2020,AWD,2020-09-24,0.0,0,1
2020,AWD,2020-09-25,0.0,0,1
2020,AWD,2020-09-26,0.0,0,1
2020,AWD,2020-09-27,0.0,0,1
2020,AWD,2020-09-28,0.0,0,1
2020,AWD,2020-09-29,0.0,0,1
2020,AWD,2020-09-30,0.0,0,1
2020,DFL,2020-04-24,0.0,0,1
2020,DFL,2020-04-25,0.0,0,1
2020,DFL,2020-04-26,0.0,0,1
2020,DFL,2020-04-27,0.0,0,1
2020,DFL,2020-04-28,0.0,0,1
2020,DFL,2020-04-29,0.0,0,1
2020,DFL,2020-04-30,0.0,0,1
2020,DFL,2020-05-01,0.0,0,1
2020,DFL,2020-05-02,0.0,0,1
2020,DFL,2020-05-03,0.0,0,1
2020,DFL,2020-05-04,0.0,0,1
2020,DFL,2020-05-05,0.0,0,1
2020,DFL,2020-05-06,0.0,0,1
2020,DFL,2020-05-07,0.0,0,1
2020,DFL,2020-05-08,0.0,0,1
2020,DFL,2020-05-09,0.0,0,1
2020,DFL,2020-05-10,0.0,0,1
2020,DFL,2020-05-11,0.0,0,1
2020,DFL,2020-05-12,0.0,0,1
2020,DFL,2020-05-13,0.0,0,1
2020,DFL,2020-05-14,0.0,0,1
2020,DFL,2020-05-15,0.0,0,1
2020,DFL,2020-05-16,0.0,0,1
2020,DFL,2020-05-17,0.0,0,1
2020,DFL,2020-05-18,0.0,0,1
2020,DFL,2020-05-19,0.0,0,1
2020,DFL,2020-05-20,0.0,0,1
2020,DFL,2020-05-21,0.0,0,1
2020,DFL,2020-05-22,0.0,0,1
2020,DFL,2020-05-23,0.0,0,1
2020,DFL,2020-05-24,0.0,0,1
2020,DFL,2020-05-25,0.0,0,1
2020,DFL,2020-05-26,0.0,0,1
2020,DFL,2020-05-27,39.9979612887091,1,0
2020,DFL,2020-05-28,51.0316885934284,1,0
2020,DFL,2020-05-29,55.5505065698161,1,0
2020,DFL,2020-05-30,49.527127829729,1,0
2020,DFL,2020-05-31,53.4541718417217,1,0
2020,DFL,2020-06-01,66.2421582290729,1,0
2020,DFL,2020-06-02,58.686590038604,1,0
2020,DFL,2020-06-03,63.9279794325737,1,0
2020,DFL,2020-06-04,71.3966960338488,1,0
2020,DFL,2020-06-05,69.613768125742,1,0
2020,DFL,2020-06-06,64.5715003019076,1,0
2020,DFL,2020-06-07,70.7895800222609,1,0
2020,DFL,2020-06-08,78.8403192867489,1,0
2020,DFL,2020-06-09,72.3630499809795,1,0
2020,DFL,2020-06-10,74.3097997489429,1,0
2020,DFL,2020-06-11,81.7719504740887,1,0
2020,DFL,2020-06-12,78.2798795034853,1,0
2020,DFL,2020-06-13,77.7905592101753,1,0
2020,DFL,2020-06-14,71.2424304491504,1,0
2020,DFL,2020-06-15,66.5474389647423,1,0
2020,DFL,2020-06-16,66.9418465932147,1,0
2020,DFL,2020-06-17,66.7523463069122,1,0
2020,DFL,2020-06-18,78.149667128369,1,0
2020,DFL,2020-06-19,80.808456908638,1,0
2020,DFL,2020-06-20,74.1743216711884,1,0
2020,DFL,2020-06-21,67.0851257119147,1,0
2020,DFL,2020-06-22,89.9869666591552,1,0
2020,DFL,2020-06-23,82.8764478546303,1,0
2020,DFL,2020-06-24,81.0064083226315,1,0
2020,DFL,2020-06-25,80.2813015667421,1,0
2020,DFL,2020-06-26,82.3730206789438,1,0
2020,DFL,2020-06-27,81.9080786385886,1,0
2020,DFL,2020-06-28,81.0045230710696,1,0
2020,DFL,2020-06-29,83.597784107396,1,0
2020,DFL,2020-06-30,84.035942573838,1,0
2020,DFL,2020-07-01,81.1942183833958,1,0
2020,DFL,2020-07-02,87.3737479597431,1,0
2020,DFL,2020-07-03,96.7341519816408,1,0
2020,DFL,2020-07-04,87.1515483101439,1,0
2020,DFL,2020-07-05,78.2396391339411,1,0
2020,DFL,2020-07-06,0.0,0,1
2020,DFL,2020-07-07,0.0,0,1
2020,DFL,2020-07-08,0.0,0,1
2020,DFL,2020-07-09,88.8459994121931,1,0
2020,DFL,2020-07-10,86.6754247777668,1,0
2020,DFL,2020-07-11,78.5958216617803,1,0
2020,DFL,2020-07-12,71.0234812332785,1,0
2020,DFL,2020-07-13,81.5288830399601,1,0
2020,DFL,2020-07-14,76.7262371905033,1,0
2020,DFL,2020-07-15,73.7030087807278,1,0
2020,DFL,2020-07-16,88.4699242299428,1,0
2020,DFL,2020-07-17,90.1626200977793,1,0
2020,DFL,2020-07-18,88.9942841988332,1,0
2020,DFL,2020-07-19,95.0590734646063,1,0
2020,DFL,2020-07-20,94.0191947065638,1,0
2020,DFL,2020-07-21,92.5793175740378,1,0
2020,DFL,2020-07-22,94.7212883916638,1,0
2020,DFL,2020-07-23,93.1723917119237,1,0
2020,DFL,2020-07-24,92.655377723257,1,0
2020,DFL,2020-07-25,91.605682655358,1,0
2020,DFL,2020-07-26,92.3485367793985,1,0
2020,DFL,2020-07-27,92.0616534986257,1,0
2020,DFL,2020-07-28,92.7177210421469,1,0
2020,DFL,2020-07-29,94.3372821511188,1,0
2020,DFL,2020-07-30,95.0349552463497,1,0
2020,DFL,2020-07-31,94.8139907615668,1,0
2020,DFL,2020-08-01,92.0104916717578,1,0
2020,DFL,2020-08-02,100.083723937639,1,0
2020,DFL,2020-08-03,96.1459534943459,1,0
2020,DFL,2020-08-04,96.8728804931226,1,0
2020,DFL,2020-08-05,98.1650579170793,1,0
2020,DFL,2020-08-06,96.1536245179424,1,0
2020,DFL,2020-08-07,92.4747836253674,1,0
2020,DFL,2020-08-08,86.1036734851321,1,0
2020,DFL,2020-08-09,79.9104270784555,1,0
2020,DFL,2020-08-10,95.272626960491,1,0
2020,DFL,2020-08-11,92.2031123744385,1,0
2020,DFL,2020-08-12,91.7145071765485,1,0
2020,DFL,2020-08-13,92.5377770310028,1,0
2020,DFL,2020-08-14,97.5266727330347,1,0
2020,DFL,2020-08-15,95.2726919691655,1,0
2020,DFL,2020-08-16,89.5412021777912,1,0
2020,DFL,2020-08-17,98.8604557087011,1,0
2020,DFL,2020-08-18,97.4559432951283,1,0
2020,DFL,2020-08-19,97.3057082482519,1,0
2020,DFL,2020-08-20,96.2011458590357,1,0
2020,DFL,2020-08-21,109.33692865521,1,0
2020,DFL,2020-08-22,104.014863496128,1,0
2020,DFL,2020-08-23,103.080363799525,1,0
2020,DFL,2020-08-24,102.859594340766,1,0
2020,DFL,2020-08-25,0.0,0,1
2020,DFL,2020-08-26,0.0,0,1
2020,DFL,2020-08-27,0.0,0,1
2020,DFL,2020-08-28,3.94792088845637,1,0
2020,DFL,2020-08-29,0.0,0,1
2020,DFL,2020-08-30,5.96858551937892,1,0
2020,DFL,2020-08-31,0.0,0,1
2020,DFL,2020-09-01,0.0,0,1
2020,DFL,2020-09-02,0.0,0,1
2020,DFL,2020-09-03,0.0,0,1
2020,DFL,2020-09-04,0.0,0,1
2020,DFL,2020-09-05,0.0,0,1
2020,DFL,2020-09-06,0.0,0,1
2020,DFL,2020-09-07,0.0,0,1
2020,DFL,2020-09-08,0.0,0,1
2020,DFL,2020-09-09,0.0,0,1
2020,DFL,2020-09-10,0.0,0,1
2020,DFL,2020-09-11,0.0,0,1
2020,DFL,2020-09-12,0.0,0,1
2020,DFL,2020-09-13,0.0,0,1
2020,DFL,2020-09-14,0.0,0,1
2020,DFL,2020-09-15,0.0,0,1
2020,DFL,2020-09-16,0.0,0,1
2020,DFL,2020-09-17,0.0,0,1
2020,DFL,2020-09-18,0.0,0,1
2020,DFL,2020-09-19,0.0,0,1
2020,DFL,2020-09-20,0.0,0,1
2020,DFL,2020-09-21,0.0,0,1
2020,DFL,2020-09-22,0.0,0,1
2020,DFL,2020-09-23,0.0,0,1
2020,DFL,2020-09-24,0.0,0,1
2020,DFL,2020-09-25,0.0,0,1
2020,DFL,2020-09-26,0.0,0,1
2020,DFL,2020-09-27,0.0,0,1
2020,DFL,2020-09-28,0.0,0,1
2020,DFL,2020-09-29,0.0,0,1
2020,DFL,2020-09-30,0.0,0,1
2020,WFL,2020-05-06,0.0,0,1
2020,WFL,2020-05-07,56.1671288744517,1,0
2020,WFL,2020-05-08,72.672415797462,1,0
2020,WFL,2020-05-09,68.8375046213338,1,0
2020,WFL,2020-05-10,70.6780814265321,1,0
2020,WFL,2020-05-11,72.7345771130269,1,0
2020,WFL,2020-05-12,72.8992434724129,1,0
2020,WFL,2020-05-13,77.0855870785956,1,0
2020,WFL,2020-05-14,117.321167811484,1,0
2020,WFL,2020-05-15,0.0,0,1
2020,WFL,2020-05-16,0.0,0,1
2020,WFL,2020-05-17,0.0,0,1
2020,WFL,2020-05-18,0.0,0,1
2020,WFL,2020-05-19,0.0,0,1
2020,WFL,2020-05-20,15.4227845754421,1,0
2020,WFL,2020-05-21,12.660414706451,1,0
2020,WFL,2020-05-22,11.0636870559573,1,0
2020,WFL,2020-05-23,6.31206104756497,1,0
2020,WFL,2020-05-24,5.54233280566084,1,0
2020,WFL,2020-05-25,1.22593004754737,1,0
2020,WFL,2020-05-26,0.0,0,1
2020,WFL,2020-05-27,0.0,0,1
2020,WFL,2020-05-28,25.1040568197068,1,0
2020,WFL,2020-05-29,18.9496163721595,1,0
2020,WFL,2020-05-30,14.3966056413361,1,0
2020,WFL,2020-05-31,14.1225692214327,1,0
2020,WFL,2020-06-01,50.5049947612193,1,0
2020,WFL,2020-06-02,44.9285322947034,1,0
2020,WFL,2020-06-03,47.598553582931,1,0
2020,WFL,2020-06-04,55.4253309059557,1,0
2020,WFL,2020-06-05,51.1919666374697,1,0
2020,WFL,2020-06-06,45.4451012907668,1,0
2020,WFL,2020-06-07,64.8135703827465,1,0
2020,WFL,2020-06-08,0.0,0,1
2020,WFL,2020-06-09,0.0,0,1
2020,WFL,2020-06-10,0.0,0,1
2020,WFL,2020-06-11,0.0,0,1
2020,WFL,2020-06-12,0.0,0,1
2020,WFL,2020-06-13,99.889009593152,1,0
2020,WFL,2020-06-14,97.9620088106404,1,0
2020,WFL,2020-06-15,112.027393566735,1,0
2020,WFL,2020-06-16,115.753875095592,1,0
2020,WFL,2020-06-17,116.616798290181,1,0
2020,WFL,2020-06-18,122.665348206222,1,0
2020,WFL,2020-06-19,120.86859465829,1,0
2020,WFL,2020-06-20,112.668379235253,1,0
2020,WFL,2020-06-21,107.307835650034,1,0
2020,WFL,2020-06-22,108.74986532155,1,0
2020,WFL,2020-06-23,103.379635479896,1,0
2020,WFL,2020-06-24,108.547018184373,1,0
2020,WFL,2020-06-25,104.034915429754,1,0
2020,WFL,2020-06-26,99.3194012900105,1,0
2020,WFL,2020-06-27,96.1719321967558,1,0
2020,WFL,2020-06-28,93.997602730529,1,0
2020,WFL,2020-06-29,0.0,0,1
2020,WFL,2020-06-30,0.0,0,1
2020,WFL,2020-07-01,0.0,0,1
2020,WFL,2020-07-02,55.8017783283554,1,0
2020,WFL,2020-07-03,76.9205445539112,1,0
2020,WFL,2020-07-04,72.8588057028321,1,0
2020,WFL,2020-07-05,66.7117945199286,1,0
2020,WFL,2020-07-06,68.107367777089,1,0
2020,WFL,2020-07-07,60.8963730475876,1,0
2020,WFL,2020-07-08,66.0753228349919,1,0
2020,WFL,2020-07-09,66.9114442520682,1,0
2020,WFL,2020-07-10,70.3494069970325,1,0
2020,WFL,2020-07-11,72.5080315620498,1,0
2020,WFL,2020-07-12,73.9360490761995,1,0
2020,WFL,2020-07-13,71.7877690568888,1,0
2020,WFL,2020-07-14,81.2868832553907,1,0
2020,WFL,2020-07-15,78.1044307893823,1,0
2020,WFL,2020-07-16,76.1176197244209,1,0
2020,WFL,2020-07-17,78.8177342365226,1,0
2020,WFL,2020-07-18,71.3067476815266,1,0
2020,WFL,2020-07-19,69.9807650045749,1,0
2020,WFL,2020-07-20,78.8886413952759,1,0
2020,WFL,2020-07-21,76.4077372108319,1,0
2020,WFL,2020-07-22,78.8600528325955,1,0
2020,WFL,2020-07-23,79.7424425813782,1,0
2020,WFL,2020-07-24,86.922027508461,1,0
2020,WFL,2020-07-25,81.0672027211099,1,0
2020,WFL,2020-07-26,84.4633170766242,1,0
2020,WFL,2020-07-27,93.6712793341444,1,0
2020,WFL,2020-07-28,90.5346249932195,1,0
2020,WFL,2020-07-29,91.0532628984243,1,0
2020,WFL,2020-07-30,85.7413386780264,1,0
2020,WFL,2020-07-31,84.8351564741183,1,0
2020,WFL,2020-08-01,80.1984489643951,1,0
2020,WFL,2020-08-02,90.3364799222736,1,0
2020,WFL,2020-08-03,84.8873494092749,1,0
2020,WFL,2020-08-04,91.2021303152763,1,0
2020,WFL,2020-08-05,82.9201929811563,1,0
2020,WFL,2020-08-06,81.2157880139882,1,0
2020,WFL,2020-08-07,80.5271233938948,1,0
2020,WFL,2020-08-08,75.5004265110285,1,0
2020,WFL,2020-08-09,72.6066809115621,1,0
2020,WFL,2020-08-10,99.9292592800836,1,0
2020,WFL,2020-08-11,89.8657090512935,1,0
2020,WFL,2020-08-12,92.5819046299029,1,0
2020,WFL,2020-08-13,97.3927766727972,1,0
2020,WFL,2020-08-14,94.0010822595394,1,0
2020,WFL,2020-08-15,87.718557527878,1,0
2020,WFL,2020-08-16,85.2098171113506,1,0
2020,WFL,2020-08-17,90.3224677649072,1,0
2020,WFL,2020-08-18,92.4535382218149,1,0
2020,WFL,2020-08-19,87.2992272614577,1,0
2020,WFL,2020-08-20,94.2823598614375,1,0
2020,WFL,2020-08-21,96.8373686096713,1,0
2020,WFL,2020-08-22,87.6415376830253,1,0
2020,WFL,2020-08-23,82.7562789523672,1,0
2020,WFL,2020-08-24,96.4705134023814,1,0
2020,WFL,2020-08-25,97.4436530294094,1,0
2020,WFL,2020-08-26,89.2951603349059,1,0
2020,WFL,2020-08-27,0.0,0,1
2020,WFL,2020-08-28,0.0,0,1
2020,WFL,2020-08-29,0.0,0,1
2020,WFL,2020-08-30,0.0,0,1
2020,WFL,2020-08-31,0.0,0,1
2020,WFL,2020-09-01,0.0,0,1
2020,WFL,2020-09-02,0.0,0,1
2020,WFL,2020-09-03,0.0,0,1
2020,WFL,2020-09-04,0.0,0,1
2020,WFL,2020-09-05,0.0,0,1
2020,WFL,2020-09-06,0.0,0,1
2020,WFL,2020-09-07,0.0,0,1
2020,WFL,2020-09-08,0.0,0,1
2020,WFL,2020-09-09,0.0,0,1
2020,WFL,2020-09-10,0.0,0,1
2020,WFL,2020-09-11,0.0,0,1
2020,WFL,2020-09-12,0.0,0,1
2020,WFL,2020-09-13,0.0,0,1
2020,WFL,2020-09-14,0.0,0,1
2020,WFL,2020-09-15,0.0,0,1
2020,WFL,2020-09-16,0.0,0,1
2020,WFL,2020-09-17,0.0,0,1
2020,WFL,2020-09-18,0.0,0,1
2020,WFL,2020-09-19,0.0,0,1
2020,WFL,2020-09-20,0.0,0,1
2020,WFL,2020-09-21,0.0,0,1
2020,WFL,2020-09-22,0.0,0,1
2020,WFL,2020-09-23,0.0,0,1
2020,WFL,2020-09-24,0.0,0,1
2020,WFL,2020-09-25,0.0,0,1
2020,WFL,2020-09-26,0.0,0,1
2020,WFL,2020-09-27,0.0,0,1
2020,WFL,2020-09-28,0.0,0,1
2020,WFL,2020-09-29,0.0,0,1
2020,WFL,2020-09-30,0.0,0,1
